{
    "length": 0.8761013746261597,
    "width": 0.2264859676361084,
    "height": 0.6723934129113331,
    "mass": 10000,
    "filename": "dog-1459b443cf6b4d5499387bc76942a1d9.glb",
    "foldername": null,
    "CLASS_NAME": "dog-1459b443cf6b4d5499387bc76942a1d9.glb",
    "hshift": 270.0,
    "pos0": 0.015654459595680237,
    "pos1": 7.450580596923828e-09,
    "pos2": 0,
    "scale": 0.0028184225926494453,
    "general": {
        "length": 0.8761013746261597,
        "width": 0.2264859676361084,
        "height": 0.6723934129113331,
        "bounding_box": [
            [
                0.43805068731307983,
                0.1132429838180542
            ],
            [
                0.43805068731307983,
                -0.1132429838180542
            ],
            [
                -0.43805068731307983,
                -0.1132429838180542
            ],
            [
                -0.43805068731307983,
                0.1132429838180542
            ]
        ],
        "center": [
            0.0,
            0.0
        ],
        "color": "",
        "general_type": "animal",
        "detail_type": "dog"
    }
}