{"length": 0.8265780210494995, "width": 0.27600938081741333, "height": 0.6743545882636681, "mass": 10000, "filename": "dog-166469433a8948c386d127c6cf374513.glb", "foldername": null, "CLASS_NAME": "dog-166469433a8948c386d127c6cf374513.glb", "hshift": 180.0, "pos0": -0.02312411367893219, "pos1": -1.4901161193847656e-08, "pos2": 0, "scale": 0.006, "general": {"length": 0.8265780210494995, "width": 0.27600938081741333, "height": 0.6743545882636681, "bounding_box": [[0.41328901052474976, 0.13800469040870667], [0.41328901052474976, -0.13800469040870667], [-0.41328901052474976, -0.13800469040870667], [-0.41328901052474976, 0.13800469040870667]], "center": [0.0, 0.0], "color": "Brown", "general_type": "animal", "detail_type": "dog"}}