{"TIRE_RADIUS": 0.6, "TIRE_WIDTH": 0.25, "MASS": 1100, "LATERAL_TIRE_TO_CENTER": 1.1953352769679304, "FRONT_WHEELBASE": 2.7690288713910762, "REAR_WHEELBASE": 2.087126137841352, "CHASSIS_TO_WHEEL_AXIS": 0.0, "TIRE_SCALE": 1.8, "TIRE_OFFSET": -0.5801886792452831, "MODEL_PATH": "test/firerelated-aac70737c4f5478ebf9e14387a123214.glb", "MODEL_SCALE": [1.1236023611051744, 1.1236023611051744, 1.1236023611051744], "MODEL_OFFSET": [0, 0, -1.5], "MODEL_HPR": [90.0, 0, 0], "LENGTH": 7.570067405700684, "HEIGHT": 3.144643008708954, "WIDTH": 2.81737744808197, "general": {"length": 7.570067405700684, "width": 2.81737744808197, "height": 3.144643008708954, "bounding_box": [[3.907700300216675, 1.4086887836456299], [3.907700300216675, -1.4086886644363403], [-3.662367105484009, -1.4086886644363403], [-3.662367105484009, 1.4086887836456299]], "center": [0.12266659736633301, 5.960464477539063e-08], "color": "Red", "general_type": "vehicle", "detail_type": "FireTruck"}}