{"TIRE_RADIUS": 0.5, "TIRE_WIDTH": 0.25, "MASS": 1100, "LATERAL_TIRE_TO_CENTER": 0.7434402332361509, "FRONT_WHEELBASE": 1.998671978751661, "REAR_WHEELBASE": 1.3979193758127444, "CHASSIS_TO_WHEEL_AXIS": 0.2, "TIRE_SCALE": 1.6, "TIRE_OFFSET": 0.1, "MODEL_PATH": "test/car-f3c9f419c0924e968deed17196248c98.glb", "MODEL_SCALE": [1.6, 1.6, 1.6], "MODEL_OFFSET": [1.1716129032258067, -1.0, -0.8], "MODEL_HPR": [270.0, 0, 0], "LENGTH": 5.2420830726623535, "HEIGHT": 1.7502341866493225, "WIDTH": 1.866175889968872, "general": {"length": 5.2420830726623535, "width": 1.866175889968872, "height": 1.7502341866493225, "bounding_box": [[2.811999797821045, 0.933087944984436], [2.811999797821045, -0.933087944984436], [-2.4300832748413086, -0.933087944984436], [-2.4300832748413086, 0.933087944984436]], "center": [0.19095826148986816, 0.0], "color": "Gray", "general_type": "vehicle", "detail_type": "Truck"}}