{
    "TIRE_RADIUS": 0.313,
    "TIRE_WIDTH": 0.25,
    "MASS": 1100,
    "LATERAL_TIRE_TO_CENTER": 0.8746355685131189,
    "FRONT_WHEELBASE": 1.4,
    "REAR_WHEELBASE": 1.3,
    "CHASSIS_TO_WHEEL_AXIS": 0.0,
    "TIRE_SCALE": 1.1,
    "TIRE_OFFSET": 0,
    "MODEL_PATH": "test/car-389f9ebcaeb84cbfb020a88a25751edc.glb",
    "MODEL_SCALE": [
        1.0,
        1.0,
        1.0
    ],
    "MODEL_OFFSET": [
        0.0,
        0.0,
        -0.1
    ],
    "MODEL_HPR": [
        270.0,
        0,
        0
    ],
    "LENGTH": 4.706644296646118,
    "HEIGHT": 1.4282558262348175,
    "WIDTH": 2.151525378227234,
    "general": {
        "length": 4.706644296646118,
        "width": 2.151525378227234,
        "height": 1.4282558262348175,
        "bounding_box": [
            [
                2.33941388130188,
                1.0754560232162476
            ],
            [
                2.33941388130188,
                -1.0760693550109863
            ],
            [
                -2.3672304153442383,
                -1.0760693550109863
            ],
            [
                -2.3672304153442383,
                1.0754560232162476
            ]
        ],
        "center": [
            -0.0139082670211792,
            -0.00030666589736938477
        ],
        "color": "Black",
        "general_type": "vehicle",
        "detail_type": "Sedan"
    }
}