{"TIRE_RADIUS": 0.4, "TIRE_WIDTH": 0.25, "MASS": 1100, "LATERAL_TIRE_TO_CENTER": 0.9766763848396494, "FRONT_WHEELBASE": 1.095617529880478, "REAR_WHEELBASE": 1.8530559167750322, "CHASSIS_TO_WHEEL_AXIS": 0.0, "TIRE_SCALE": 1.2, "TIRE_OFFSET": 0.2, "MODEL_PATH": "test/car-334ebc41e59747898f612b38cef4aa7a.glb", "MODEL_SCALE": [0.7, 0.7, 0.7], "MODEL_OFFSET": [0.0, 0.0, -0.5], "MODEL_HPR": [180.0, 0, 0], "LENGTH": 4.5386576652526855, "HEIGHT": 1.1868841350078583, "WIDTH": 2.2378244400024414, "general": {"length": 4.5386576652526855, "width": 2.2378244400024414, "height": 1.1868841350078583, "bounding_box": [[2.0723624229431152, 1.1189122200012207], [2.0723624229431152, -1.1189122200012207], [-2.4662952423095703, -1.1189122200012207], [-2.4662952423095703, 1.1189122200012207]], "center": [-0.19696640968322754, 0.0], "color": "Red", "general_type": "vehicle", "detail_type": "SportCar"}}