{
    "TIRE_RADIUS": 0.3,
    "TIRE_WIDTH": 0.25,
    "MASS": 1100,
    "LATERAL_TIRE_TO_CENTER": 0.7288629737609327,
    "FRONT_WHEELBASE": 1.0498687664041997,
    "REAR_WHEELBASE": 1.1047254150702424,
    "CHASSIS_TO_WHEEL_AXIS": 0.05,
    "TIRE_SCALE": 0.8,
    "TIRE_OFFSET": 0,
    "MODEL_PATH": "test/car-af108d4773df4722a62420f65dd5b8fe.glb",
    "MODEL_SCALE": [
        0.006,
        0.006,
        0.006
    ],
    "MODEL_OFFSET": [
        0,
        0,
        -0.6
    ],
    "MODEL_HPR": [
        180.0,
        0,
        0
    ],
    "LENGTH": 3.668936014175415,
    "HEIGHT": 1.3720665276050568,
    "WIDTH": 1.828539788722992,
    "general": {
        "length": 3.668936014175415,
        "width": 1.828539788722992,
        "height": 1.3720665276050568,
        "bounding_box": [
            [
                1.851919412612915,
                0.8994602560997009
            ],
            [
                1.851919412612915,
                -0.929079532623291
            ],
            [
                -1.8170166015625,
                -0.929079532623291
            ],
            [
                -1.8170166015625,
                0.8994602560997009
            ]
        ],
        "center": [
            0.01745140552520752,
            -0.014809638261795044
        ],
        "color": "Black",
        "general_type": "vehicle",
        "detail_type": "Hatchback"
    }
}