{
    "TIRE_RADIUS": 0.5,
    "TIRE_WIDTH": 0.25,
    "MASS": 1100,
    "LATERAL_TIRE_TO_CENTER": 0.9912536443148685,
    "FRONT_WHEELBASE": 1.5091863517060364,
    "REAR_WHEELBASE": 1.6922094508301395,
    "CHASSIS_TO_WHEEL_AXIS": 0.1,
    "TIRE_SCALE": 1.4,
    "TIRE_OFFSET": -0.1,
    "MODEL_PATH": "test/car-e4087350c4d84d8391de09b405c96488.glb",
    "MODEL_SCALE": [
        1.2285851347660475,
        1.2285851347660475,
        1.2285851347660475
    ],
    "MODEL_OFFSET": [
        0,
        0,
        -0.9
    ],
    "MODEL_HPR": [
        180.0,
        0,
        0
    ],
    "LENGTH": 5.417851686477661,
    "HEIGHT": 2.0444270372390747,
    "WIDTH": 2.498032569885254,
    "general": {
        "length": 5.417851686477661,
        "width": 2.498032569885254,
        "height": 2.0444270372390747,
        "bounding_box": [
            [
                2.7089319229125977,
                1.2490164041519165
            ],
            [
                2.7089319229125977,
                -1.2490161657333374
            ],
            [
                -2.7089197635650635,
                -1.2490161657333374
            ],
            [
                -2.7089197635650635,
                1.2490164041519165
            ]
        ],
        "center": [
            6.079673767089844e-06,
            1.1920928955078125e-07
        ],
        "color": "Teal",
        "general_type": "vehicle",
        "detail_type": "SUV"
    }
}