{
    "TIRE_RADIUS": 0.313,
    "TIRE_WIDTH": 0.25,
    "MASS": 1100,
    "LATERAL_TIRE_TO_CENTER": 0.8163265306122449,
    "FRONT_WHEELBASE": 1.35,
    "REAR_WHEELBASE": 1.29,
    "CHASSIS_TO_WHEEL_AXIS": 0.0,
    "TIRE_SCALE": 1.0,
    "TIRE_OFFSET": 0.0,
    "MODEL_PATH": "test/car-03a6d639648540e3ad45ed38c9b19d1f.glb",
    "MODEL_SCALE": [
        2.0,
        2.0,
        2.0
    ],
    "MODEL_OFFSET": [
        0.04645161290322619,
        0.0,
        0.2
    ],
    "MODEL_HPR": [
        180.0,
        0,
        0
    ],
    "LENGTH": 3.999999761581421,
    "HEIGHT": 1.7104837894439697,
    "WIDTH": 2.081343710422516,
    "general": {
        "length": 3.999999761581421,
        "width": 2.081343710422516,
        "height": 1.7104837894439697,
        "bounding_box": [
            [
                1.9999998807907104,
                0.9942203164100647
            ],
            [
                1.9999998807907104,
                -1.0871233940124512
            ],
            [
                -1.9999998807907104,
                -1.0871233940124512
            ],
            [
                -1.9999998807907104,
                0.9942203164100647
            ]
        ],
        "center": [
            0.0,
            -0.04645153880119324
        ],
        "color": "Yellow",
        "general_type": "vehicle",
        "detail_type": "Hatchback"
    }
}