{
    "TIRE_RADIUS": 0.42,
    "TIRE_WIDTH": 0.25,
    "MASS": 1100,
    "LATERAL_TIRE_TO_CENTER": 0.9329446064139946,
    "FRONT_WHEELBASE": 1.561679790026247,
    "REAR_WHEELBASE": 1.57,
    "CHASSIS_TO_WHEEL_AXIS": 0.1,
    "TIRE_SCALE": 1.2,
    "TIRE_OFFSET": 0,
    "MODEL_PATH": "test/car-5416965277554e7682fcc2dc4961a99d.glb",
    "MODEL_SCALE": [
        0.027,
        0.027,
        0.027
    ],
    "MODEL_OFFSET": [
        0,
        0,
        0
    ],
    "MODEL_HPR": [
        180.0,
        0,
        0
    ],
    "LENGTH": 5.3433215618133545,
    "HEIGHT": 1.8022095561027527,
    "WIDTH": 2.3133949041366577,
    "general": {
        "length": 5.3433215618133545,
        "width": 2.3133949041366577,
        "height": 1.8022095561027527,
        "bounding_box": [
            [
                2.6744956970214844,
                1.156704306602478
            ],
            [
                2.6744956970214844,
                -1.1566905975341797
            ],
            [
                -2.66882586479187,
                -1.1566905975341797
            ],
            [
                -2.66882586479187,
                1.156704306602478
            ]
        ],
        "center": [
            0.002834916114807129,
            6.854534149169922e-06
        ],
        "color": "White",
        "general_type": "vehicle",
        "detail_type": "Policecar"
    }
}