{"TIRE_RADIUS": 0.4, "TIRE_WIDTH": 0.25, "MASS": 1100, "LATERAL_TIRE_TO_CENTER": 0.9037900874635572, "FRONT_WHEELBASE": 1.181102362204724, "REAR_WHEELBASE": 1.5261813537675604, "CHASSIS_TO_WHEEL_AXIS": 0.0, "TIRE_SCALE": 1, "TIRE_OFFSET": 0.1, "MODEL_PATH": "test/car-d999506c52cf4313aad5220f4af2da6c.glb", "MODEL_SCALE": [0.9337970018587973, 0.9337970018587973, 0.9337970018587973], "MODEL_OFFSET": [0, 0, 0.1], "MODEL_HPR": [180.0, 0, 0], "LENGTH": 4.634247303009033, "HEIGHT": 1.2954564094543457, "WIDTH": 2.142244815826416, "general": {"length": 4.634247303009033, "width": 2.142244815826416, "height": 1.2954564094543457, "bounding_box": [[2.2965800762176514, 1.0711270570755005], [2.2965800762176514, -1.0711177587509155], [-2.337667226791382, -1.0711177587509155], [-2.337667226791382, 1.0711270570755005]], "center": [-0.020543575286865234, 4.649162292480469e-06], "color": "White", "general_type": "vehicle", "detail_type": "SportCar"}}