{
    "TIRE_RADIUS": 0.42,
    "TIRE_WIDTH": 0.25,
    "MASS": 1100,
    "LATERAL_TIRE_TO_CENTER": 0.9475218658892128,
    "FRONT_WHEELBASE": 1.65,
    "REAR_WHEELBASE": 1.3,
    "CHASSIS_TO_WHEEL_AXIS": 0.1,
    "TIRE_SCALE": 1.1,
    "TIRE_OFFSET": 0,
    "MODEL_PATH": "test/car-d893ecd4f4d94f509aa7312306d74c61.glb",
    "MODEL_SCALE": [
        0.009,
        0.009,
        0.009
    ],
    "MODEL_OFFSET": [
        -1.0683870967741935,
        0.5046480743691903,
        -0.75
    ],
    "MODEL_HPR": [
        180.0,
        0,
        0
    ],
    "LENGTH": 4.864868879318237,
    "HEIGHT": 1.8915084451436996,
    "WIDTH": 2.259427070617676,
    "general": {
        "length": 4.864868879318237,
        "width": 2.259427070617676,
        "height": 1.8915084451436996,
        "bounding_box": [
            [
                2.411036491394043,
                1.1051928997039795
            ],
            [
                2.411036491394043,
                -1.1542341709136963
            ],
            [
                -2.4538323879241943,
                -1.1542341709136963
            ],
            [
                -2.4538323879241943,
                1.1051928997039795
            ]
        ],
        "center": [
            -0.021397948265075684,
            -0.0245206356048584
        ],
        "color": "Black",
        "general_type": "vehicle",
        "detail_type": "SUV"
    }
}