{"length": 0.1426696479320526, "width": 0.1499939262866974, "height": 1.0394063028706189, "mass": 10000, "filename": "Bollard-0b87b812751d4545943ef436c5f997a8.glb", "foldername": null, "CLASS_NAME": "Bollard-0b87b812751d4545943ef436c5f997a8.glb", "hshift": 0, "pos0": 0.0, "pos1": -3.053992986679077e-05, "pos2": 0, "scale": 1, "is_building": false, "general": {"length": 0.1426696479320526, "width": 0.1499939262866974, "height": 1.0394063028706189, "bounding_box": [[0.0713348239660263, 0.0749969631433487], [0.0713348239660263, -0.0749969631433487], [-0.0713348239660263, -0.0749969631433487], [-0.0713348239660263, 0.0749969631433487]], "center": [0.0, 0.0], "color": "Black", "general_type": "guidance_objects", "detail_type": "Bollard"}}