{"length": 0.6352078318595886, "width": 1.1612763404846191, "height": 2.8566115498542786, "mass": 10000, "filename": "Traffic_sign-da93f352bf434f108dfe5e6460a99766.glb", "foldername": null, "CLASS_NAME": "Traffic_sign-da93f352bf434f108dfe5e6460a99766.glb", "hshift": 90.0, "pos0": 0.3147248476743698, "pos1": -0.4615638554096222, "pos2": -0.29957203994293913, "scale": 0.6, "is_building": false, "general": {"length": 0.6352078318595886, "width": 1.1612763404846191, "height": 2.8566115498542786, "bounding_box": [[0.3176039159297943, 0.5806381702423096], [0.3176039159297943, -0.5806381702423096], [-0.3176039159297943, -0.5806381702423096], [-0.3176039159297943, 0.5806381702423096]], "center": [0.0, 0.0], "color": "Red", "general_type": "guidance_objects", "detail_type": "Traffic_sign"}}