{"length": 0.15949039161205292, "width": 0.7675114572048187, "height": 2.836111068725586, "mass": 10000, "filename": "Traffic_sign-22f0c1d3e4dd4a489270ce69810feaeb.glb", "foldername": null, "CLASS_NAME": "Traffic_sign-22f0c1d3e4dd4a489270ce69810feaeb.glb", "hshift": 0.0, "pos0": 0, "pos1": 0, "pos2": 0, "scale": 0.6, "is_building": false, "general": {"length": 0.15949039161205292, "width": 0.7675114572048187, "height": 2.836111068725586, "bounding_box": [[0.10669150203466415, 0.3858339488506317], [0.10669150203466415, -0.381677508354187], [-0.05279888957738876, -0.381677508354187], [-0.05279888957738876, 0.3858339488506317]], "center": [0.026946306228637695, 0.002078220248222351], "color": "White", "general_type": "guidance_objects", "detail_type": "Traffic_sign"}}