{"length": 2, "width": 2, "height": 2, "filename": "trafficcone-6bead16346974abba15357a2d1adc0d9.glb", "foldername": null, "CLASS_NAME": "trafficcone-6bead16346974abba15357a2d1adc0d9.glb", "hshift": 0, "pos0": 0.00010706484317779541, "pos1": 0.00014172494411468506, "pos2": 0, "scale": 15.527304712145662, "general": {"length": 0.7843504846096039, "width": 0.7844393849372864, "bounding_box": [[0.3920271098613739, 0.3916979432106018], [0.3920271098613739, -0.39274144172668457], [-0.39232337474823, -0.39274144172668457], [-0.39232337474823, 0.3916979432106018]], "center": [-0.00014813244342803955, -0.0005217492580413818], "color": "Red", "general_type": "guidance_objects", "detail_type": "Cone"}}