{"length": 0.20553433895111084, "width": 1.057466745376587, "height": 3.495719200000167, "mass": 10000, "filename": "Traffic_sign-1d7638953658403291f7eec8e00b6c9b.glb", "foldername": null, "CLASS_NAME": "Traffic_sign-1d7638953658403291f7eec8e00b6c9b.glb", "hshift": -90.0, "pos0": -0.0002966448664665222, "pos1": -0.3755526840686798, "pos2": 0, "scale": 1, "is_building": false, "general": {"length": 0.20553433895111084, "width": 1.057466745376587, "height": 3.495719200000167, "bounding_box": [[0.10276716947555542, 0.5287333726882935], [0.10276716947555542, -0.5287333726882935], [-0.10276716947555542, -0.5287333726882935], [-0.10276716947555542, 0.5287333726882935]], "center": [0.0, 0.0], "color": "Yellow", "general_type": "guidance_objects", "detail_type": "Traffic_sign"}}