{"length": 0.41035741567611694, "width": 0.3964080810546875, "height": 3.5993196964263916, "mass": 10000, "filename": "Traffic_light-dc39ecedc7be4fe0a1aa48841e268eaf.glb", "foldername": null, "CLASS_NAME": "Traffic_light-dc39ecedc7be4fe0a1aa48841e268eaf.glb", "hshift": 90.0, "pos0": -0.02856123447418213, "pos1": 1.306174710392952, "pos2": 0, "scale": 0.23, "is_building": false, "general": {"length": 0.41035741567611694, "width": 0.3964080810546875, "height": 3.5993196964263916, "bounding_box": [[0.20517870783805847, 0.19820404052734375], [0.20517870783805847, -0.19820404052734375], [-0.20517870783805847, -0.19820404052734375], [-0.20517870783805847, 0.19820404052734375]], "center": [0.0, 0.0], "color": "Yellow", "general_type": "guidance_objects", "detail_type": "Traffic_light"}}