{"length": 0.9927181601524353, "width": 0.8451092839241028, "height": 3.037217378616333, "mass": 10000, "filename": "Bollard-9d7488e815534920bdfdcc3759ac2839.glb", "foldername": null, "CLASS_NAME": "Bollard-9d7488e815534920bdfdcc3759ac2839.glb", "hshift": 0, "pos0": -4.678964614868164e-05, "pos1": 1.505892664194107, "pos2": 0, "scale": 0.09884444444444443, "is_building": false, "general": {"length": 0.9927181601524353, "width": 0.8451092839241028, "height": 3.037217378616333, "bounding_box": [[0.49635908007621765, 0.422554612159729], [0.49635908007621765, -0.4225546717643738], [-0.49635908007621765, -0.4225546717643738], [-0.49635908007621765, 0.422554612159729]], "center": [0.0, -2.9802322387695312e-08], "color": "Gray", "general_type": "guidance_objects", "detail_type": "Bollard"}}