{"length": 2, "width": 2, "height": 2, "filename": "trafficcone-89a750d568cc4817b163daec27625dd0.glb", "foldername": null, "CLASS_NAME": "trafficcone-89a750d568cc4817b163daec27625dd0.glb", "hshift": 0, "pos0": -0.00044114887714385986, "pos1": -0.0007247626781463623, "pos2": 0, "scale": 0.003921346689480056, "general": {"length": 0.78426793217659, "width": 0.7842680215835571, "bounding_box": [[0.3916946053504944, 0.3916323482990265], [0.3916946053504944, -0.39263567328453064], [-0.3925733268260956, -0.39263567328453064], [-0.3925733268260956, 0.3916323482990265]], "center": [-0.00043936073780059814, -0.0005016624927520752], "color": "Orange", "general_type": "guidance_objects", "detail_type": "Cone"}}