{"length": 0.2878013998270035, "width": 0.28780144453048706, "height": 1.3598506497219205, "mass": 10000, "filename": "Bollard-2ca2cd17f9d544088d18f9623a1c17af.glb", "foldername": null, "CLASS_NAME": "Bollard-2ca2cd17f9d544088d18f9623a1c17af.glb", "hshift": 0, "pos0": 0, "pos1": 0, "pos2": 0, "scale": 0.12845925925925925, "is_building": false, "general": {"length": 0.2878013998270035, "width": 0.28780144453048706, "height": 1.3598506497219205, "bounding_box": [[0.14390067756175995, 0.14390073716640472], [0.14390067756175995, -0.14390070736408234], [-0.14390072226524353, -0.14390070736408234], [-0.14390072226524353, 0.14390073716640472]], "center": [-2.2351741790771484e-08, 1.4901161193847656e-08], "color": "Brown", "general_type": "guidance_objects", "detail_type": "Bollard"}}