{
    "length": 0.4963147044181824,
    "width": 0.7741473913192749,
    "height": 1.6784150414168835,
    "mass": 10000,
    "filename": "Bollard-24cc770a1eed4cc6bd92893b9439d650.glb",
    "foldername": null,
    "CLASS_NAME": "Bollard-24cc770a1eed4cc6bd92893b9439d650.glb",
    "hshift": 0,
    "pos0": -0.006758838891983032,
    "pos1": 0.027993664145469666,
    "pos2": 0,
    "scale": 0.05,
    "is_building": false,
    "general": {
        "length": 0.4963147044181824,
        "width": 0.7741473913192749,
        "height": 1.6784150414168835,
        "bounding_box": [
            [
                0.2481573522090912,
                0.38707369565963745
            ],
            [
                0.2481573522090912,
                -0.38707369565963745
            ],
            [
                -0.2481573522090912,
                -0.38707369565963745
            ],
            [
                -0.2481573522090912,
                0.38707369565963745
            ]
        ],
        "center": [
            0.0,
            0.0
        ],
        "color": "White",
        "general_type": "guidance_objects",
        "detail_type": "Bollard"
    }
}