{"length": 0.8585194945335388, "width": 0.9183348417282104, "height": 0.9681873305235058, "mass": 10000, "filename": "trafficcone-c469cc01064742b4a730d51526458c78.glb", "foldername": null, "CLASS_NAME": "trafficcone-c469cc01064742b4a730d51526458c78.glb", "hshift": 0, "pos0": -9.656697511672974e-05, "pos1": 0.00024840235710144043, "pos2": 0, "scale": 0.3, "general": {"length": 0.8585194945335388, "width": 0.9183348417282104, "height": 0.9681873305235058, "bounding_box": [[0.4291631877422333, 0.45941582322120667], [0.4291631877422333, -0.4589190185070038], [-0.42935630679130554, -0.4589190185070038], [-0.42935630679130554, 0.45941582322120667]], "center": [-9.655952453613281e-05, 0.00024840235710144043], "color": "Orange", "general_type": "guidance_objects", "detail_type": "Cone"}}