{"length": 0.5846645087003708, "width": 5.801055908203125, "height": 5.715644683223218, "mass": 10000, "filename": "Traffic_light-6f50614649a24b908634710dc65992a7.glb", "foldername": null, "CLASS_NAME": "Traffic_light-6f50614649a24b908634710dc65992a7.glb", "hshift": 90.00008571428, "pos0": 0.07132667617689137, "pos1": 2.4108416547788885, "pos2": 0, "scale": 1, "is_building": false, "general": {"length": 0.5846645087003708, "width": 5.801055908203125, "height": 5.715644683223218, "bounding_box": [[0.46555545926094055, 5.5390777587890625], [0.46555545926094055, -0.2619781494140625], [-0.11910904943943024, -0.2619781494140625], [-0.11910904943943024, 5.5390777587890625]], "center": [0.17322320491075516, 2.6385498046875], "color": "Gray", "general_type": "guidance_objects", "detail_type": "Traffic_light"}}