{"length": 0.8096732795238495, "width": 0.9508627653121948, "height": 2.2587817907333374, "mass": 10000, "filename": "Traffic_light-7da97e81a45346cfad4a8e1ec47994ab.glb", "foldername": null, "CLASS_NAME": "Traffic_light-7da97e81a45346cfad4a8e1ec47994ab.glb", "hshift": 0.0, "pos0": 0.014265335235377208, "pos1": -0.06191043555736542, "pos2": -0.0427960057061334, "scale": 0.4, "is_building": false, "general": {"length": 0.8096732795238495, "width": 0.9508627653121948, "height": 2.2587817907333374, "bounding_box": [[0.6784071922302246, 0.4754313826560974], [0.6784071922302246, -0.4754313826560974], [-0.13126608729362488, -0.4754313826560974], [-0.13126608729362488, 0.4754313826560974]], "center": [0.27357055246829987, 0.0], "color": "Gray", "general_type": "guidance_objects", "detail_type": "Traffic_light"}}