{"length": 0.07909323647618294, "width": 0.5399999022483826, "height": 3.359999179840088, "mass": 10000, "filename": "Traffic_sign-3368a11b5c6940af836d1f22cdd7e109.glb", "foldername": null, "CLASS_NAME": "Traffic_sign-3368a11b5c6940af836d1f22cdd7e109.glb", "hshift": -90.0, "pos0": -0.0035466235131025314, "pos1": 0.0, "pos2": 0, "scale": 0.6, "is_building": false, "general": {"length": 0.07909323647618294, "width": 0.5399999022483826, "height": 3.359999179840088, "bounding_box": [[0.03954662010073662, 0.2699999511241913], [0.03954662010073662, -0.2699999511241913], [-0.03954661637544632, -0.2699999511241913], [-0.03954661637544632, 0.2699999511241913]], "center": [1.862645149230957e-09, 0.0], "color": "White", "general_type": "guidance_objects", "detail_type": "Traffic_sign"}}