{"length": 0.12820005416870117, "width": 1.2027149200439453, "height": 3.622947931289673, "mass": 10000, "filename": "Traffic_sign-9617eb0d8d18455692606d0e3f897bba.glb", "foldername": null, "CLASS_NAME": "Traffic_sign-9617eb0d8d18455692606d0e3f897bba.glb", "hshift": 90.0, "pos0": 5.673266172409058, "pos1": -6.61588191986084, "pos2": -1.6119828815977186, "scale": 0.6, "is_building": false, "general": {"length": 0.12820005416870117, "width": 1.2027149200439453, "height": 3.622947931289673, "bounding_box": [[0.06410026550292969, 0.6013574600219727], [0.06410026550292969, -0.6013574600219727], [-0.06409978866577148, -0.6013574600219727], [-0.06409978866577148, 0.6013574600219727]], "center": [2.384185791015625e-07, 0.0], "color": "White", "general_type": "guidance_objects", "detail_type": "Traffic_sign"}}