{
    "length": 0.6172526478767395,
    "width": 0.46649040281772614,
    "height": 1.8810631074011326,
    "mass": 10000,
    "filename": "Bollard-d85a62240a1a4a31859ff12f8341e371.glb",
    "foldername": null,
    "CLASS_NAME": "Bollard-d85a62240a1a4a31859ff12f8341e371.glb",
    "hshift": 0,
    "pos0": -0.33336977660655975,
    "pos1": -0.1901516616344452,
    "pos2": 0,
    "scale": 0.5430666666666667,
    "is_building": false,
    "general": {
        "length": 0.6172526478767395,
        "width": 0.46649040281772614,
        "height": 1.8810631074011326,
        "bounding_box": [
            [
                0.308626264333725,
                0.23324519395828247
            ],
            [
                0.308626264333725,
                -0.23324520885944366
            ],
            [
                -0.3086263835430145,
                -0.23324520885944366
            ],
            [
                -0.3086263835430145,
                0.23324519395828247
            ]
        ],
        "center": [
            -5.960464477539063e-08,
            -7.450580596923828e-09
        ],
        "color": "White",
        "general_type": "guidance_objects",
        "detail_type": "Bollard"
    }
}