{"length": 0.5361950099468231, "width": 0.7660880088806152, "height": 3.785803816077175, "mass": 10000, "filename": "Traffic_light-aeed7931c96a4428aa8ff71eb398ee43.glb", "foldername": null, "CLASS_NAME": "Traffic_light-aeed7931c96a4428aa8ff71eb398ee43.glb", "hshift": -90.0, "pos0": 0, "pos1": 0, "pos2": 0, "scale": 0.015, "is_building": false, "general": {"length": 0.5361950099468231, "width": 0.7660880088806152, "height": 3.785803816077175, "bounding_box": [[0.404419481754303, 0.310371071100235], [0.404419481754303, -0.45571693778038025], [-0.13177552819252014, -0.45571693778038025], [-0.13177552819252014, 0.310371071100235]], "center": [0.13632197678089142, -0.07267293334007263], "color": "Green", "general_type": "guidance_objects", "detail_type": "Traffic_light"}}