{"length": 0.7291381061077118, "width": 0.4999999701976776, "height": 4.0124545061262324, "mass": 10000, "filename": "Traffic_light-7c70f93203c0497d9a3c7404a1581bd6.glb", "foldername": null, "CLASS_NAME": "Traffic_light-7c70f93203c0497d9a3c7404a1581bd6.glb", "hshift": 90.0, "pos0": 0, "pos1": 0, "pos2": 0, "scale": 0.005, "is_building": false, "general": {"length": 0.7291381061077118, "width": 0.4999999701976776, "height": 4.0124545061262324, "bounding_box": [[0.4791381061077118, 0.2499999850988388], [0.4791381061077118, -0.2499999850988388], [-0.25, -0.2499999850988388], [-0.25, 0.2499999850988388]], "center": [0.1145690530538559, 0.0], "color": "Gray", "general_type": "guidance_objects", "detail_type": "Traffic_light"}}