{"length": 0.21207547187805176, "width": 0.21207547187805176, "height": 0.8761226139031351, "mass": 10000, "filename": "Bollard-c659efcc548b4785aff81015da3df1d5.glb", "foldername": null, "CLASS_NAME": "Bollard-c659efcc548b4785aff81015da3df1d5.glb", "hshift": 0, "pos0": -9.685754776000977e-08, "pos1": 3.725290298461914e-09, "pos2": 0, "scale": 1, "is_building": false, "general": {"length": 0.21207547187805176, "width": 0.21207547187805176, "height": 0.8761226139031351, "bounding_box": [[0.10603773593902588, 0.10603773593902588], [0.10603773593902588, -0.10603773593902588], [-0.10603773593902588, -0.10603773593902588], [-0.10603773593902588, 0.10603773593902588]], "center": [0.0, 0.0], "color": "Gray", "general_type": "guidance_objects", "detail_type": "Bollard"}}