{"length": 0.1132454127073288, "width": 1.0624818801879883, "height": 2.8176375292241573, "mass": 10000, "filename": "Traffic_sign-a1af6017dc7d45f5a76df81258763dd2.glb", "foldername": null, "CLASS_NAME": "Traffic_sign-a1af6017dc7d45f5a76df81258763dd2.glb", "hshift": 90.0, "pos0": 0.02577104978263378, "pos1": -0.007505983114242554, "pos2": 0, "scale": 0.02, "is_building": false, "general": {"length": 0.1132454127073288, "width": 1.0624818801879883, "height": 2.8176375292241573, "bounding_box": [[0.0566227063536644, 0.5312409400939941], [0.0566227063536644, -0.5312409400939941], [-0.0566227063536644, -0.5312409400939941], [-0.0566227063536644, 0.5312409400939941]], "center": [0.0, 0.0], "color": "White", "general_type": "guidance_objects", "detail_type": "Traffic_sign"}}