{"length": 0.7842897176742554, "width": 0.7842897772789001, "height": 1.5125130414962769, "mass": 10000, "filename": "trafficcone-c87799d0ebca4d939112bcee151f80cc.glb", "foldername": null, "CLASS_NAME": "trafficcone-c87799d0ebca4d939112bcee151f80cc.glb", "hshift": 0, "pos0": 0.0002700388431549072, "pos1": 0.0005324780941009521, "pos2": 0, "scale": 0.3921449117163423, "general": {"length": 0.7842897176742554, "width": 0.7842897772789001, "height": 1.5125130414962769, "bounding_box": [[0.3924148976802826, 0.392677366733551], [0.3924148976802826, -0.3916124105453491], [-0.3918748199939728, -0.3916124105453491], [-0.3918748199939728, 0.392677366733551]], "center": [0.0002700388431549072, 0.0005324780941009521], "color": "Red", "general_type": "guidance_objects", "detail_type": "Cone"}}