{"length": 0.11246730387210846, "width": 0.8379896283149719, "height": 2.8000000715255737, "mass": 10000, "filename": "Traffic_sign-6cce0016ca3845c79b73b36a3208d94d.glb", "foldername": null, "CLASS_NAME": "Traffic_sign-6cce0016ca3845c79b73b36a3208d94d.glb", "hshift": 90.0, "pos0": 0, "pos1": 0, "pos2": 1.0128388017118404, "scale": 1.4, "is_building": false, "general": {"length": 0.11246730387210846, "width": 0.8379896283149719, "height": 2.8000000715255737, "bounding_box": [[0.05623406171798706, 0.41899529099464417], [0.05623406171798706, -0.41899433732032776], [-0.0562332421541214, -0.41899433732032776], [-0.0562332421541214, 0.41899529099464417]], "center": [4.0978193283081055e-07, 4.76837158203125e-07], "color": "Red", "general_type": "guidance_objects", "detail_type": "Traffic_sign"}}