{"length": 2, "width": 2, "height": 2, "filename": "trafficcone-44ac0cee8ae2411f8b15218e9aec0043.glb", "foldername": null, "CLASS_NAME": "trafficcone-44ac0cee8ae2411f8b15218e9aec0043.glb", "hshift": 0, "pos0": 0, "pos1": 0, "pos2": 0, "scale": 0.2409118758754877, "general": {"length": 0.7781276404857635, "width": 0.7901415228843689, "bounding_box": [[0.3905216455459595, 0.4114494025707245], [0.3905216455459595, -0.3786921203136444], [-0.3876059949398041, -0.3786921203136444], [-0.3876059949398041, 0.4114494025707245]], "center": [0.0014578253030776978, 0.01637864112854004], "color": "Red", "general_type": "guidance_objects", "detail_type": "Cone"}}