{"length": 1.0478998720645905, "width": 0.855661004781723, "height": 4.5791473388671875, "mass": 10000, "filename": "Traffic_light-91e0f0d9601f48baaf9b3524578bd854.glb", "foldername": null, "CLASS_NAME": "Traffic_light-91e0f0d9601f48baaf9b3524578bd854.glb", "hshift": 90.0, "pos0": 0, "pos1": 0, "pos2": 0, "scale": 1, "is_building": false, "general": {"length": 1.0478998720645905, "width": 0.855661004781723, "height": 4.5791473388671875, "bounding_box": [[0.7790000438690186, 0.5870519876480103], [0.7790000438690186, -0.26860901713371277], [-0.2688998281955719, -0.26860901713371277], [-0.2688998281955719, 0.5870519876480103]], "center": [0.2550501078367233, 0.15922148525714874], "color": "Black", "general_type": "guidance_objects", "detail_type": "Traffic_light"}}