{"length": 0.7844054102897644, "width": 0.7844052910804749, "height": 0.8801238797605038, "mass": 10000, "filename": "trafficcone-24966191cff0474facf8e56dcee453bf.glb", "foldername": null, "CLASS_NAME": "trafficcone-24966191cff0474facf8e56dcee453bf.glb", "hshift": 0, "pos0": -0.00017632544040679932, "pos1": 4.8488378524780273e-05, "pos2": 0, "scale": 0.013552215304704854, "general": {"length": 0.7844054102897644, "width": 0.7844052910804749, "height": 0.8801238797605038, "bounding_box": [[0.3920263648033142, 0.3922511041164398], [0.3920263648033142, -0.39215418696403503], [-0.3923790454864502, -0.39215418696403503], [-0.3923790454864502, 0.3922511041164398]], "center": [-0.00017634034156799316, 4.845857620239258e-05], "color": "Red", "general_type": "guidance_objects", "detail_type": "Cone"}}