{
    "length": 0.8999850153923035,
    "width": 0.44999250769615173,
    "height": 1.643510788679123,
    "mass": 10000,
    "filename": "Bollard-ecbddde0f274409cb18191e341ee1d86.glb",
    "foldername": null,
    "CLASS_NAME": "Bollard-ecbddde0f274409cb18191e341ee1d86.glb",
    "hshift": 0,
    "pos0": -0.19566664099693298,
    "pos1": 0.8922098577022552,
    "pos2": 0,
    "scale": 0.06922962962962963,
    "is_building": false,
    "general": {
        "length": 0.8999850153923035,
        "width": 0.44999250769615173,
        "height": 1.643510788679123,
        "bounding_box": [
            [
                0.4499925374984741,
                0.22499625384807587
            ],
            [
                0.4499925374984741,
                -0.22499625384807587
            ],
            [
                -0.44999247789382935,
                -0.22499625384807587
            ],
            [
                -0.44999247789382935,
                0.22499625384807587
            ]
        ],
        "center": [
            2.9802322387695312e-08,
            0.0
        ],
        "color": "Blue",
        "general_type": "guidance_objects",
        "detail_type": "Bollard"
    }
}