{"length": 0.5415254831314087, "width": 0.8202613890171051, "height": 4.017617832494082, "mass": 10000, "filename": "Traffic_light-2f720ea69cb2407ba8598c02305ce524.glb", "foldername": null, "CLASS_NAME": "Traffic_light-2f720ea69cb2407ba8598c02305ce524.glb", "hshift": 90.0, "pos0": 0.13573554903268814, "pos1": 0.06301714479923248, "pos2": 0, "scale": 0.01, "is_building": false, "general": {"length": 0.5415254831314087, "width": 0.8202613890171051, "height": 4.017617832494082, "bounding_box": [[0.27076274156570435, 0.41013067960739136], [0.27076274156570435, -0.41013070940971375], [-0.27076274156570435, -0.41013070940971375], [-0.27076274156570435, 0.41013067960739136]], "center": [0.0, -1.4901161193847656e-08], "color": "Black", "general_type": "guidance_objects", "detail_type": "Traffic_light"}}