{"length": 0.7841911911964417, "width": 0.7841911911964417, "height": 0.8858107446001497, "mass": 10000, "filename": "trafficcone-35388e3fadfa4fd2a453d36b3ce2af4b.glb", "foldername": null, "CLASS_NAME": "trafficcone-35388e3fadfa4fd2a453d36b3ce2af4b.glb", "hshift": 0, "pos0": 3.001093864440918e-05, "pos1": -0.0002266615629196167, "pos2": 0, "scale": 1.2, "general": {"length": 0.7841911911964417, "width": 0.7841911911964417, "height": 0.8858107446001497, "bounding_box": [[0.39212560653686523, 0.3918689489364624], [0.39212560653686523, -0.39232224225997925], [-0.3920655846595764, -0.39232224225997925], [-0.3920655846595764, 0.3918689489364624]], "center": [3.001093864440918e-05, -0.00022664666175842285], "color": "Red", "general_type": "guidance_objects", "detail_type": "Cone"}}