{"length": 0.5141178369522095, "width": 0.5315567255020142, "height": 1.2558818836696446, "mass": 10000, "filename": "Bollard-15ef23e2f6b1442cb698e2fa6618c928.glb", "foldername": null, "CLASS_NAME": "Bollard-15ef23e2f6b1442cb698e2fa6618c928.glb", "hshift": 0, "pos0": 2.9802322387695312e-08, "pos1": -4.470348358154297e-08, "pos2": 0, "scale": 0.003, "is_building": false, "general": {"length": 0.5141178369522095, "width": 0.5315567255020142, "height": 1.2558818836696446, "bounding_box": [[0.25705891847610474, 0.2657783627510071], [0.25705891847610474, -0.2657783627510071], [-0.25705891847610474, -0.2657783627510071], [-0.25705891847610474, 0.2657783627510071]], "center": [0.0, 0.0], "color": "Gray", "general_type": "guidance_objects", "detail_type": "Bollard"}}