{"length": 0.42319145798683167, "width": 0.42319148778915405, "height": 1.9745776653289795, "mass": 10000, "filename": "Bollard-8bdd4475718f4dc1983d735031330587.glb", "foldername": null, "CLASS_NAME": "Bollard-8bdd4475718f4dc1983d735031330587.glb", "hshift": 0, "pos0": 0.0, "pos1": 0.0, "pos2": 0, "scale": 0.9872888888888889, "is_building": false, "general": {"length": 0.42319145798683167, "width": 0.42319148778915405, "height": 1.9745776653289795, "bounding_box": [[0.21159572899341583, 0.21159574389457703], [0.21159572899341583, -0.21159574389457703], [-0.21159572899341583, -0.21159574389457703], [-0.21159572899341583, 0.21159574389457703]], "center": [0.0, 0.0], "color": "Black", "general_type": "guidance_objects", "detail_type": "Bollard"}}