{"length": 0.6359190046787262, "width": 5.827510833740234, "height": 7.190926551818848, "mass": 10000, "filename": "Traffic_light-7b86bedf64c04e15a0e01a84d29ea93d.glb", "foldername": null, "CLASS_NAME": "Traffic_light-7b86bedf64c04e15a0e01a84d29ea93d.glb", "hshift": -90.0, "pos0": 0, "pos1": 0, "pos2": 0, "scale": 0.2, "is_building": false, "general": {"length": 0.6359190046787262, "width": 5.827510833740234, "height": 7.190926551818848, "bounding_box": [[0.31795942783355713, 5.522320747375488], [0.31795942783355713, -0.3051900863647461], [-0.31795957684516907, -0.3051900863647461], [-0.31795957684516907, 5.522320747375488]], "center": [-7.450580596923828e-08, 2.608565330505371], "color": "Gray", "general_type": "guidance_objects", "detail_type": "Traffic_light"}}