{"length": 0.09789999201893806, "width": 0.9245449304580688, "height": 2.995430257404223, "mass": 10000, "filename": "Traffic_sign-adca408fc3684648bc21b8deb3fe62dd.glb", "foldername": null, "CLASS_NAME": "Traffic_sign-adca408fc3684648bc21b8deb3fe62dd.glb", "hshift": 90.0, "pos0": 0.03072389680892229, "pos1": -2.384185791015625e-07, "pos2": 0, "scale": 1, "is_building": false, "general": {"length": 0.09789999201893806, "width": 0.9245449304580688, "height": 2.995430257404223, "bounding_box": [[0.04894999414682388, 0.4622724652290344], [0.04894999414682388, -0.4622724652290344], [-0.04894999787211418, -0.4622724652290344], [-0.04894999787211418, 0.4622724652290344]], "center": [-1.862645149230957e-09, 0.0], "color": "Red", "general_type": "guidance_objects", "detail_type": "Traffic_sign"}}