{
    "length": 0.32188424468040466,
    "width": 0.3218842148780823,
    "height": 1.3343438059091568,
    "mass": 10000,
    "filename": "Bollard-0fd2b057d93d4e3da8045de37b646d52.glb",
    "foldername": null,
    "CLASS_NAME": "Bollard-0fd2b057d93d4e3da8045de37b646d52.glb",
    "hshift": 0,
    "pos0": 0,
    "pos1": 0,
    "pos2": 0,
    "scale": 1,
    "is_building": false,
    "general": {
        "length": 0.32188424468040466,
        "width": 0.3218842148780823,
        "height": 1.3343438059091568,
        "bounding_box": [
            [
                0.16094210743904114,
                0.16094234585762024
            ],
            [
                0.16094210743904114,
                -0.16094186902046204
            ],
            [
                -0.16094213724136353,
                -0.16094186902046204
            ],
            [
                -0.16094213724136353,
                0.16094234585762024
            ]
        ],
        "center": [
            -1.4901161193847656e-08,
            2.384185791015625e-07
        ],
        "color": "Black",
        "general_type": "guidance_objects",
        "detail_type": "Bollard"
    }
}