{"length": 2, "width": 2, "height": 2, "filename": "trafficcone-87e57a593d684dc4a6dfd70e598b1cef.glb", "foldername": null, "CLASS_NAME": "trafficcone-87e57a593d684dc4a6dfd70e598b1cef.glb", "hshift": 0, "pos0": 0.00029515475034713745, "pos1": 0.0002041161060333252, "pos2": 0, "scale": 0.012110859305094408, "general": {"length": 0.5000537633895874, "width": 0.5000534355640411, "bounding_box": [[0.2505209147930145, 0.2502281963825226], [0.2505209147930145, -0.24982523918151855], [-0.24953284859657288, -0.24982523918151855], [-0.24953284859657288, 0.2502281963825226]], "center": [0.0004940330982208252, 0.00020147860050201416], "color": "Orange", "general_type": "guidance_objects", "detail_type": "Cone"}}