{"length": 0.09777786582708359, "width": 0.7102864384651184, "height": 2.6983227154705673, "mass": 10000, "filename": "Traffic_sign-accb33eb52e6451a93fd707f9c91f68c.glb", "foldername": null, "CLASS_NAME": "Traffic_sign-accb33eb52e6451a93fd707f9c91f68c.glb", "hshift": 90.0, "pos0": 0, "pos1": 0, "pos2": 0, "scale": 0.03, "is_building": false, "general": {"length": 0.09777786582708359, "width": 0.7102864384651184, "height": 2.6983227154705673, "bounding_box": [[0.05927281081676483, 0.3551432192325592], [0.05927281081676483, -0.3551432192325592], [-0.038505055010318756, -0.3551432192325592], [-0.038505055010318756, 0.3551432192325592]], "center": [0.010383877903223038, 0.0], "color": "Red", "general_type": "guidance_objects", "detail_type": "Traffic_sign"}}