{"length": 0.7838654518127441, "width": 0.7838655710220337, "height": 1.3573402337685856, "mass": 10000, "filename": "trafficcone-19a78c587c3b4ea68a832b665ce58ca7.glb", "foldername": null, "CLASS_NAME": "trafficcone-19a78c587c3b4ea68a832b665ce58ca7.glb", "hshift": 0, "pos0": -0.00014781951904296875, "pos1": 0.0001726001501083374, "pos2": 0, "scale": 1.5430427392293888, "general": {"length": 0.7838654518127441, "width": 0.7838655710220337, "height": 1.3573402337685856, "bounding_box": [[0.3917849063873291, 0.3921054005622864], [0.3917849063873291, -0.3917601704597473], [-0.39208054542541504, -0.3917601704597473], [-0.39208054542541504, 0.3921054005622864]], "center": [-0.00014781951904296875, 0.00017261505126953125], "color": "Orange", "general_type": "guidance_objects", "detail_type": "Cone"}}