{"length": 2, "width": 2, "height": 2, "filename": "trafficcone-41db138b35db45cf97624669f03b89fd.glb", "foldername": null, "CLASS_NAME": "trafficcone-41db138b35db45cf97624669f03b89fd.glb", "hshift": 0, "pos0": 0.000227317214012146, "pos1": -0.00011037290096282959, "pos2": 0, "scale": 0.05226399794504233, "general": {"length": 0.7841200828552246, "width": 0.7840589284896851, "bounding_box": [[0.3916787803173065, 0.39196333289146423], [0.3916787803173065, -0.3920955955982208], [-0.3924413025379181, -0.3920955955982208], [-0.3924413025379181, 0.39196333289146423]], "center": [-0.00038126111030578613, -6.61313533782959e-05], "color": "Orange", "general_type": "guidance_objects", "detail_type": "Cone"}}