{"length": 0.06344832479953766, "width": 0.9951544404029846, "height": 2.376490413211286, "mass": 10000, "filename": "Traffic_sign-1409b6874ce04aa4a370dd81036b2cba.glb", "foldername": null, "CLASS_NAME": "Traffic_sign-1409b6874ce04aa4a370dd81036b2cba.glb", "hshift": 90.0, "pos0": -0.005427363328635693, "pos1": -3.8743019104003906e-07, "pos2": 0, "scale": 1, "is_building": false, "general": {"length": 0.06344832479953766, "width": 0.9951544404029846, "height": 2.376490413211286, "bounding_box": [[0.03172416239976883, 0.4975772202014923], [0.03172416239976883, -0.4975772202014923], [-0.03172416239976883, -0.4975772202014923], [-0.03172416239976883, 0.4975772202014923]], "center": [0.0, 0.0], "color": "Yellow", "general_type": "guidance_objects", "detail_type": "Traffic_sign"}}