{
    "length": 0.11039851605892181,
    "width": 0.1103985346853733,
    "height": 1.0894589498639107,
    "mass": 10000,
    "filename": "Bollard-532b02858c67410f9a1973544f25dcc4.glb",
    "foldername": null,
    "CLASS_NAME": "Bollard-532b02858c67410f9a1973544f25dcc4.glb",
    "hshift": 0,
    "pos0": 0,
    "pos1": 0,
    "pos2": 0,
    "scale": 1.5499703703703704,
    "is_building": false,
    "general": {
        "length": 0.11039851605892181,
        "width": 0.1103985346853733,
        "height": 1.0894589498639107,
        "bounding_box": [
            [
                0.05519925057888031,
                0.0551992766559124
            ],
            [
                0.05519925057888031,
                -0.05519925802946091
            ],
            [
                -0.055199265480041504,
                -0.05519925802946091
            ],
            [
                -0.055199265480041504,
                0.0551992766559124
            ]
        ],
        "center": [
            -7.450580596923828e-09,
            9.313225746154785e-09
        ],
        "color": "Black",
        "general_type": "guidance_objects",
        "detail_type": "Bollard"
    }
}