{"length": 0.49999988079071045, "width": 0.49999988079071045, "height": 1.0207491316832602, "mass": 10000, "filename": "trafficcone-03bd1398d4fb417dbd1119b8d2eba072.glb", "foldername": null, "CLASS_NAME": "trafficcone-03bd1398d4fb417dbd1119b8d2eba072.glb", "hshift": 0, "pos0": 2.664327621459961e-05, "pos1": -0.0003859996795654297, "pos2": 0, "scale": 0.005, "general": {"length": 0.49999988079071045, "width": 0.49999988079071045, "height": 1.0207491316832602, "bounding_box": [[0.2500265836715698, 0.2496139407157898], [0.2500265836715698, -0.25038594007492065], [-0.24997329711914062, -0.25038594007492065], [-0.24997329711914062, 0.2496139407157898]], "center": [2.664327621459961e-05, -0.0003859996795654297], "color": "Orange", "general_type": "guidance_objects", "detail_type": "Cone"}}