{"length": 0.16153192520141602, "width": 1.077968955039978, "height": 2.36503529548645, "mass": 10000, "filename": "Traffic_sign-8a799f317db34aa8a1dab3cba303ce19.glb", "foldername": null, "CLASS_NAME": "Traffic_sign-8a799f317db34aa8a1dab3cba303ce19.glb", "hshift": 90.0, "pos0": 0.0, "pos1": 0.0, "pos2": 1.1840228245363775, "scale": 1.1825178826895566, "is_building": false, "general": {"length": 0.16153192520141602, "width": 1.077968955039978, "height": 2.36503529548645, "bounding_box": [[0.08076596260070801, 0.538984477519989], [0.08076596260070801, -0.538984477519989], [-0.08076596260070801, -0.538984477519989], [-0.08076596260070801, 0.538984477519989]], "center": [0.0, 0.0], "color": "Yellow", "general_type": "guidance_objects", "detail_type": "Traffic_sign"}}