{"length": 0.7474731206893921, "width": 0.541472852230072, "height": 0.7224022150039673, "mass": 10000, "filename": "Traffic_sign-7096908956904c72a76852a949985a10.glb", "foldername": null, "CLASS_NAME": "Traffic_sign-7096908956904c72a76852a949985a10.glb", "hshift": 0.0, "pos0": -0.0007837414741516113, "pos1": -0.0021009743213653564, "pos2": 0, "scale": 1.039527896995708, "is_building": false, "general": {"length": 0.7474731206893921, "width": 0.541472852230072, "height": 0.7224022150039673, "bounding_box": [[0.37373656034469604, 0.270736426115036], [0.37373656034469604, -0.270736426115036], [-0.37373656034469604, -0.270736426115036], [-0.37373656034469604, 0.270736426115036]], "center": [0.0, 0.0], "color": "Gray", "general_type": "guidance_objects", "detail_type": "Traffic_sign"}}