{"length": 0.5410224199295044, "width": 0.5410224795341492, "height": 1.9233514054794227, "mass": 10000, "filename": "Bollard-3fae33c9563d49fd985c0ccad7795502.glb", "foldername": null, "CLASS_NAME": "Bollard-3fae33c9563d49fd985c0ccad7795502.glb", "hshift": 0, "pos0": 0.0010683685541152954, "pos1": -0.0002231597900390625, "pos2": 0, "scale": 0.08, "is_building": false, "general": {"length": 0.5410224199295044, "width": 0.5410224795341492, "height": 1.9233514054794227, "bounding_box": [[0.2705112099647522, 0.2705112397670746], [0.2705112099647522, -0.2705112397670746], [-0.2705112099647522, -0.2705112397670746], [-0.2705112099647522, 0.2705112397670746]], "center": [0.0, 0.0], "color": "Gray", "general_type": "guidance_objects", "detail_type": "Bollard"}}