{"length": 0.09140563756227493, "width": 0.8547108173370361, "height": 2.6649422682737383, "mass": 10000, "filename": "Traffic_sign-a3963ab8133b45cab4e60da94d255ac3.glb", "foldername": null, "CLASS_NAME": "Traffic_sign-a3963ab8133b45cab4e60da94d255ac3.glb", "hshift": -90.0, "pos0": -0.15814486145973206, "pos1": -2.980232238769531e-07, "pos2": 0, "scale": 1.3, "is_building": false, "general": {"length": 0.09140563756227493, "width": 0.8547108173370361, "height": 2.6649422682737383, "bounding_box": [[0.045702822506427765, 0.42735540866851807], [0.045702822506427765, -0.42735540866851807], [-0.04570281505584717, -0.42735540866851807], [-0.04570281505584717, 0.42735540866851807]], "center": [3.725290298461914e-09, 0.0], "color": "Red", "general_type": "guidance_objects", "detail_type": "Traffic_sign"}}