{
    "length": 0.49999991059303284,
    "width": 0.49999989569187164,
    "height": 1.5322757624089718,
    "mass": 10000,
    "filename": "Bollard-e7e5f9b0c9c046869e81dd2fecd9dbc1.glb",
    "foldername": null,
    "CLASS_NAME": "Bollard-e7e5f9b0c9c046869e81dd2fecd9dbc1.glb",
    "hshift": 0,
    "pos0": 0,
    "pos1": 0,
    "pos2": 0,
    "scale": 0.01,
    "is_building": false,
    "general": {
        "length": 0.49999991059303284,
        "width": 0.49999989569187164,
        "height": 1.5322757624089718,
        "bounding_box": [
            [
                0.24999995529651642,
                0.24999994039535522
            ],
            [
                0.24999995529651642,
                -0.24999995529651642
            ],
            [
                -0.24999995529651642,
                -0.24999995529651642
            ],
            [
                -0.24999995529651642,
                0.24999994039535522
            ]
        ],
        "center": [
            0.0,
            -7.450580596923828e-09
        ],
        "color": "Brown",
        "general_type": "guidance_objects",
        "detail_type": "Bollard"
    }
}