{
    "length": 0.35710062086582184,
    "width": 0.3569391965866089,
    "height": 1.5339841675013304,
    "mass": 10000,
    "filename": "Bollard-37f2b91cb5be47eda8b6ddb362d7100e.glb",
    "foldername": null,
    "CLASS_NAME": "Bollard-37f2b91cb5be47eda8b6ddb362d7100e.glb",
    "hshift": 0,
    "pos0": 0.24330788105726242,
    "pos1": 0.0244586244225502,
    "pos2": 0,
    "scale": 0.01,
    "is_building": false,
    "general": {
        "length": 0.35710062086582184,
        "width": 0.3569391965866089,
        "height": 1.5339841675013304,
        "bounding_box": [
            [
                0.17855031788349152,
                0.17846959829330444
            ],
            [
                0.17855031788349152,
                -0.17846959829330444
            ],
            [
                -0.17855030298233032,
                -0.17846959829330444
            ],
            [
                -0.17855030298233032,
                0.17846959829330444
            ]
        ],
        "center": [
            7.450580596923828e-09,
            0.0
        ],
        "color": "Yellow",
        "general_type": "guidance_objects",
        "detail_type": "Bollard"
    }
}