{"length": 0.08658406138420105, "width": 0.5240566730499268, "height": 2.514291765137944, "mass": 10000, "filename": "Traffic_sign-c8d085861b654e4f900abd02af15b038.glb", "foldername": null, "CLASS_NAME": "Traffic_sign-c8d085861b654e4f900abd02af15b038.glb", "hshift": 180.0, "pos0": -0.018482422456145287, "pos1": 0.0048221200704574585, "pos2": 0, "scale": 0.21, "is_building": false, "general": {"length": 0.08658406138420105, "width": 0.5240566730499268, "height": 2.514291765137944, "bounding_box": [[0.043292030692100525, 0.2620283365249634], [0.043292030692100525, -0.2620283365249634], [-0.043292030692100525, -0.2620283365249634], [-0.043292030692100525, 0.2620283365249634]], "center": [0.0, 0.0], "color": "White", "general_type": "guidance_objects", "detail_type": "Traffic_sign"}}