{"length": 0.18000003695487976, "width": 0.9238793551921844, "height": 2.6519391536712646, "mass": 10000, "filename": "Traffic_sign-a6ff6aa7753348bfb7de7d5abe55798b.glb", "foldername": null, "CLASS_NAME": "Traffic_sign-a6ff6aa7753348bfb7de7d5abe55798b.glb", "hshift": 90.0, "pos0": 0, "pos1": 0, "pos2": 0, "scale": 0.01, "is_building": false, "general": {"length": 0.18000003695487976, "width": 0.9238793551921844, "height": 2.6519391536712646, "bounding_box": [[0.11999998986721039, 0.4619396924972534], [0.11999998986721039, -0.46193966269493103], [-0.06000004708766937, -0.46193966269493103], [-0.06000004708766937, 0.4619396924972534]], "center": [0.029999971389770508, 1.4901161193847656e-08], "color": "Red", "general_type": "guidance_objects", "detail_type": "Traffic_sign"}}