{
    "length": 0.4624146819114685,
    "width": 0.48621052503585815,
    "height": 1.7975130081176758,
    "mass": 10000,
    "filename": "Bollard-49fd4be9698c4fde9baa2b7ff754dc29.glb",
    "foldername": null,
    "CLASS_NAME": "Bollard-49fd4be9698c4fde9baa2b7ff754dc29.glb",
    "hshift": 0,
    "pos0": 0,
    "pos1": 0,
    "pos2": 0,
    "scale": 0.12845925925925925,
    "is_building": false,
    "general": {
        "length": 0.4624146819114685,
        "width": 0.48621052503585815,
        "height": 1.7975130081176758,
        "bounding_box": [
            [
                0.23120734095573425,
                0.2431052178144455
            ],
            [
                0.23120734095573425,
                -0.24310530722141266
            ],
            [
                -0.23120734095573425,
                -0.24310530722141266
            ],
            [
                -0.23120734095573425,
                0.2431052178144455
            ]
        ],
        "center": [
            0.0,
            -4.470348358154297e-08
        ],
        "color": "Orange",
        "general_type": "guidance_objects",
        "detail_type": "Bollard"
    }
}