{
    "length": 0.8822343945503235,
    "width": 0.882234513759613,
    "height": 1.0269035696983337,
    "mass": 10000,
    "filename": "Bollard-486f76bf01bd4905910d076686741747.glb",
    "foldername": null,
    "CLASS_NAME": "Bollard-486f76bf01bd4905910d076686741747.glb",
    "hshift": 0,
    "pos0": 0.0,
    "pos1": 0.0,
    "pos2": 0.5571847507331373,
    "scale": 0.5134518518518518,
    "is_building": false,
    "general": {
        "length": 0.8822343945503235,
        "width": 0.882234513759613,
        "height": 1.0269035696983337,
        "bounding_box": [
            [
                0.44111719727516174,
                0.4411172568798065
            ],
            [
                0.44111719727516174,
                -0.4411172568798065
            ],
            [
                -0.44111719727516174,
                -0.4411172568798065
            ],
            [
                -0.44111719727516174,
                0.4411172568798065
            ]
        ],
        "center": [
            0.0,
            0.0
        ],
        "color": "Orange",
        "general_type": "guidance_objects",
        "detail_type": "Bollard"
    }
}