{"length": 0.21207547187805176, "width": 0.21207544207572937, "height": 0.9706654152832925, "mass": 10000, "filename": "Bollard-d4c506d643c64a6792085caf89675ede.glb", "foldername": null, "CLASS_NAME": "Bollard-d4c506d643c64a6792085caf89675ede.glb", "hshift": 0, "pos0": -9.685754776000977e-08, "pos1": 3.725290298461914e-09, "pos2": 0, "scale": 1, "is_building": false, "general": {"length": 0.21207547187805176, "width": 0.21207544207572937, "height": 0.9706654152832925, "bounding_box": [[0.10603773593902588, 0.10603772103786469], [0.10603773593902588, -0.10603772103786469], [-0.10603773593902588, -0.10603772103786469], [-0.10603773593902588, 0.10603772103786469]], "center": [0.0, 0.0], "color": "Gray", "general_type": "guidance_objects", "detail_type": "Bollard"}}