{"length": 0.10590888559818268, "width": 0.7455124258995056, "height": 2.6135568618774414, "mass": 10000, "filename": "Traffic_sign-8e632f9680714da6b9536f5e6003c722.glb", "foldername": null, "CLASS_NAME": "Traffic_sign-8e632f9680714da6b9536f5e6003c722.glb", "hshift": 0.0, "pos0": 0.05135896056890488, "pos1": 0.24513192474842072, "pos2": 0, "scale": 0.004, "is_building": false, "general": {"length": 0.10590888559818268, "width": 0.7455124258995056, "height": 2.6135568618774414, "bounding_box": [[0.05295444279909134, 0.3727562427520752], [0.05295444279909134, -0.3727561831474304], [-0.05295444279909134, -0.3727561831474304], [-0.05295444279909134, 0.3727562427520752]], "center": [0.0, 2.9802322387695312e-08], "color": "Red", "general_type": "guidance_objects", "detail_type": "Traffic_sign"}}