{"length": 0.0705727010499686, "width": 0.5999995470046997, "height": 2.3670119210146368, "mass": 10000, "filename": "Traffic_sign-f150e9e0ddd148e8b0e1f2a9a14084b1.glb", "foldername": null, "CLASS_NAME": "Traffic_sign-f150e9e0ddd148e8b0e1f2a9a14084b1.glb", "hshift": 90.0, "pos0": 0, "pos1": 0, "pos2": 0, "scale": 1, "is_building": false, "general": {"length": 0.0705727010499686, "width": 0.5999995470046997, "height": 2.3670119210146368, "bounding_box": [[0.0037856295239180326, 0.30371931195259094], [0.0037856295239180326, -0.29628023505210876], [-0.06678707152605057, -0.29628023505210876], [-0.06678707152605057, 0.30371931195259094]], "center": [-0.03150072100106627, 0.003719538450241089], "color": "Red", "general_type": "guidance_objects", "detail_type": "Traffic_sign"}}