{
    "length": 0.33970844745635986,
    "width": 0.3427468240261078,
    "height": 0.9935326809063554,
    "mass": 10000,
    "filename": "Bollard-ca34201672274769a6ae1d59c9443bb6.glb",
    "foldername": null,
    "CLASS_NAME": "Bollard-ca34201672274769a6ae1d59c9443bb6.glb",
    "hshift": 0,
    "pos0": 0.010632440447807312,
    "pos1": -0.011729881167411804,
    "pos2": 0,
    "scale": 0.33576296296296293,
    "is_building": false,
    "general": {
        "length": 0.33970844745635986,
        "width": 0.3427468240261078,
        "height": 0.9935326809063554,
        "bounding_box": [
            [
                0.16985422372817993,
                0.1713734120130539
            ],
            [
                0.16985422372817993,
                -0.1713734120130539
            ],
            [
                -0.16985422372817993,
                -0.1713734120130539
            ],
            [
                -0.16985422372817993,
                0.1713734120130539
            ]
        ],
        "center": [
            0.0,
            0.0
        ],
        "color": "Red",
        "general_type": "guidance_objects",
        "detail_type": "Bollard"
    }
}