{"length": 0.7391726672649384, "width": 4.372576117515564, "height": 5.282031297683716, "mass": 10000, "filename": "Traffic_light-b066e72f53324d3180dfb7960f12b877.glb", "foldername": null, "CLASS_NAME": "Traffic_light-b066e72f53324d3180dfb7960f12b877.glb", "hshift": 180.0, "pos0": 0.24251069900142497, "pos1": 1.7261055634807416, "pos2": 2.639087018544936, "scale": 2.6410157367668097, "is_building": false, "general": {"length": 0.7391726672649384, "width": 4.372576117515564, "height": 5.282031297683716, "bounding_box": [[0.612096905708313, 3.912393569946289], [0.612096905708313, -0.4601825475692749], [-0.12707576155662537, -0.4601825475692749], [-0.12707576155662537, 3.912393569946289]], "center": [0.2425105720758438, 1.726105511188507], "color": "Black", "general_type": "guidance_objects", "detail_type": "Traffic_light"}}