{"length": 0.5062460899353027, "width": 0.3843669146299362, "height": 3.145596742630005, "mass": 10000, "filename": "Traffic_light-30f361478c8143fbb463dcf9b2a0cb61.glb", "foldername": null, "CLASS_NAME": "Traffic_light-30f361478c8143fbb463dcf9b2a0cb61.glb", "hshift": 90.0, "pos0": 0, "pos1": 0, "pos2": 0, "scale": 0.04, "is_building": false, "general": {"length": 0.5062460899353027, "width": 0.3843669146299362, "height": 3.145596742630005, "bounding_box": [[0.3869202136993408, 0.1883745640516281], [0.3869202136993408, -0.1959923505783081], [-0.11932587623596191, -0.1959923505783081], [-0.11932587623596191, 0.1883745640516281]], "center": [0.13379716873168945, -0.0038088932633399963], "color": "Gray", "general_type": "guidance_objects", "detail_type": "Traffic_light"}}