{"length": 0.6254054009914398, "width": 0.4962993264198303, "height": 3.5642411708831787, "mass": 10000, "filename": "Traffic_light-525722b75cca448ea57df110a9d5df84.glb", "foldername": null, "CLASS_NAME": "Traffic_light-525722b75cca448ea57df110a9d5df84.glb", "hshift": 180.0, "pos0": 343.4161911010742, "pos1": 8.572378396987915, "pos2": -0.15691868758915817, "scale": 0.3, "is_building": false, "general": {"length": 0.6254054009914398, "width": 0.4962993264198303, "height": 3.5642411708831787, "bounding_box": [[0.31268635392189026, 0.24815110862255096], [0.31268635392189026, -0.24814821779727936], [-0.31271904706954956, -0.24814821779727936], [-0.31271904706954956, 0.24815110862255096]], "center": [-1.634657382965088e-05, 1.4454126358032227e-06], "color": "Yellow", "general_type": "guidance_objects", "detail_type": "Traffic_light"}}