{"length": 0.24746495485305786, "width": 0.2412605583667755, "height": 0.744304557563737, "mass": 10000, "filename": "Bollard-0f856d6fe19440aaacf577be1bdd8546.glb", "foldername": null, "CLASS_NAME": "Bollard-0f856d6fe19440aaacf577be1bdd8546.glb", "hshift": 0, "pos0": 0.7210763990879059, "pos1": 3.725290298461914e-09, "pos2": 0, "scale": 0.002, "is_building": false, "general": {"length": 0.24746495485305786, "width": 0.2412605583667755, "height": 0.744304557563737, "bounding_box": [[0.12373244762420654, 0.12063027918338776], [0.12373244762420654, -0.12063027918338776], [-0.12373250722885132, -0.12063027918338776], [-0.12373250722885132, 0.12063027918338776]], "center": [-2.9802322387695312e-08, 0.0], "color": "Gray", "general_type": "guidance_objects", "detail_type": "Bollard"}}