{"length": 0.14405693858861923, "width": 0.8759441673755646, "height": 3.25835645198822, "mass": 10000, "filename": "Traffic_sign-459c229bb92a4f9481ea42b167082ff8.glb", "foldername": null, "CLASS_NAME": "Traffic_sign-459c229bb92a4f9481ea42b167082ff8.glb", "hshift": 90.0, "pos0": -0.0070804692804813385, "pos1": -0.09888690710067749, "pos2": 0, "scale": 1.2, "is_building": false, "general": {"length": 0.14405693858861923, "width": 0.8759441673755646, "height": 3.25835645198822, "bounding_box": [[0.07202846556901932, 0.4379720985889435], [0.07202846556901932, -0.4379720687866211], [-0.07202847301959991, -0.4379720687866211], [-0.07202847301959991, 0.4379720985889435]], "center": [-3.725290298461914e-09, 1.4901161193847656e-08], "color": "Yellow", "general_type": "guidance_objects", "detail_type": "Traffic_sign"}}