{"length": 0.07847266644239426, "width": 0.737235963344574, "height": 2.2624599933624268, "mass": 10000, "filename": "Traffic_sign-1358f096c19248d1a5284cac34c7ce25.glb", "foldername": null, "CLASS_NAME": "Traffic_sign-1358f096c19248d1a5284cac34c7ce25.glb", "hshift": 90.0, "pos0": 0, "pos1": 0, "pos2": 0, "scale": 1.4, "is_building": false, "general": {"length": 0.07847266644239426, "width": 0.737235963344574, "height": 2.2624599933624268, "bounding_box": [[0.03435755521059036, 0.368617981672287], [0.03435755521059036, -0.368617981672287], [-0.044115111231803894, -0.368617981672287], [-0.044115111231803894, 0.368617981672287]], "center": [-0.004878778010606766, 0.0], "color": "Red", "general_type": "guidance_objects", "detail_type": "Traffic_sign"}}