{"length": 0.1603918895125389, "width": 0.5343227386474609, "height": 2.5799481889967146, "mass": 10000, "filename": "Traffic_sign-b0acaa246442490ab18ce0434dae7b0c.glb", "foldername": null, "CLASS_NAME": "Traffic_sign-b0acaa246442490ab18ce0434dae7b0c.glb", "hshift": 180.0, "pos0": -0.10332724824547768, "pos1": -0.0815119743347168, "pos2": 0, "scale": 0.04, "is_building": false, "general": {"length": 0.1603918895125389, "width": 0.5343227386474609, "height": 2.5799481889967146, "bounding_box": [[0.08019594848155975, 0.26716136932373047], [0.08019594848155975, -0.26716136932373047], [-0.08019594103097916, -0.26716136932373047], [-0.08019594103097916, 0.26716136932373047]], "center": [3.725290298461914e-09, 0.0], "color": "Blue", "general_type": "guidance_objects", "detail_type": "Traffic_sign"}}