{"length": 2, "width": 2, "height": 2, "filename": "trafficcone-51cc688ae4254e30813e0bdc5997af1e.glb", "foldername": null, "CLASS_NAME": "trafficcone-51cc688ae4254e30813e0bdc5997af1e.glb", "hshift": 0, "pos0": 0.019712284207344055, "pos1": -0.08806708455085754, "pos2": 0, "scale": 0.18284683018190462, "general": {"length": 0.7842156887054443, "width": 0.7842495441436768, "bounding_box": [[0.39194756746292114, 0.39131617546081543], [0.39194756746292114, -0.39293336868286133], [-0.3922681212425232, -0.39293336868286133], [-0.3922681212425232, 0.39131617546081543]], "center": [-0.0001602768898010254, -0.0008085966110229492], "color": "Orange", "general_type": "guidance_objects", "detail_type": "Cone"}}