{"length": 0.2601650282740593, "width": 1.8075015544891357, "height": 3.9581269025802612, "mass": 10000, "filename": "Traffic_sign-ce046168e8da425e96e41eb2807ff87c.glb", "foldername": null, "CLASS_NAME": "Traffic_sign-ce046168e8da425e96e41eb2807ff87c.glb", "hshift": 90.0, "pos0": 0, "pos1": 0, "pos2": 0, "scale": 0.03, "is_building": false, "general": {"length": 0.2601650282740593, "width": 1.8075015544891357, "height": 3.9581269025802612, "bounding_box": [[0.14403195679187775, 0.8579588532447815], [0.14403195679187775, -0.9495427012443542], [-0.11613307148218155, -0.9495427012443542], [-0.11613307148218155, 0.8579588532447815]], "center": [0.013949442654848099, -0.04579192399978638], "color": "Blue", "general_type": "guidance_objects", "detail_type": "Traffic_sign"}}