{"length": 0.07423169165849686, "width": 0.5870735049247742, "height": 2.5365794897079468, "mass": 10000, "filename": "Traffic_sign-dfde58b69a5543b29baa733e655c13dc.glb", "foldername": null, "CLASS_NAME": "Traffic_sign-dfde58b69a5543b29baa733e655c13dc.glb", "hshift": 90.0, "pos0": 0.1375010423362255, "pos1": -0.1655832901597023, "pos2": 0, "scale": 0.3, "is_building": false, "general": {"length": 0.07423169165849686, "width": 0.5870735049247742, "height": 2.5365794897079468, "bounding_box": [[0.037115853279829025, 0.2935367822647095], [0.037115853279829025, -0.2935367226600647], [-0.03711583837866783, -0.2935367226600647], [-0.03711583837866783, 0.2935367822647095]], "center": [7.450580596923828e-09, 2.9802322387695312e-08], "color": "Yellow", "general_type": "guidance_objects", "detail_type": "Traffic_sign"}}