{"length": 0.09761298447847366, "width": 1.0106242895126343, "height": 3.0506315253136096, "mass": 10000, "filename": "Traffic_sign-eb9ad0f9d00d441a9fdac0dd951368b3.glb", "foldername": null, "CLASS_NAME": "Traffic_sign-eb9ad0f9d00d441a9fdac0dd951368b3.glb", "hshift": 0.0, "pos0": 0.0004432499408721924, "pos1": -0.008580759167671204, "pos2": 0, "scale": 0.25, "is_building": false, "general": {"length": 0.09761298447847366, "width": 1.0106242895126343, "height": 3.0506315253136096, "bounding_box": [[0.04880649223923683, 0.5053121447563171], [0.04880649223923683, -0.5053121447563171], [-0.04880649223923683, -0.5053121447563171], [-0.04880649223923683, 0.5053121447563171]], "center": [0.0, 0.0], "color": "Yellow", "general_type": "guidance_objects", "detail_type": "Traffic_sign"}}