{"length": 0.08411309123039246, "width": 0.899999588727951, "height": 2.6999988555908203, "mass": 10000, "filename": "Traffic_sign-2225bb40891b4ed083a75bd17e447dd0.glb", "foldername": null, "CLASS_NAME": "Traffic_sign-2225bb40891b4ed083a75bd17e447dd0.glb", "hshift": 90.0, "pos0": 0, "pos1": 0, "pos2": 0, "scale": 0.009, "is_building": false, "general": {"length": 0.08411309123039246, "width": 0.899999588727951, "height": 2.6999988555908203, "bounding_box": [[0.04860023409128189, 0.45046231150627136], [0.04860023409128189, -0.4495372772216797], [-0.035512857139110565, -0.4495372772216797], [-0.035512857139110565, 0.45046231150627136]], "center": [0.006543688476085663, 0.0004625171422958374], "color": "Red", "general_type": "guidance_objects", "detail_type": "Traffic_sign"}}