{"length": 0.0630770530551672, "width": 1.1172823309898376, "height": 2.7810395043343306, "mass": 10000, "filename": "Traffic_sign-e87be76d37364866aef993b47cc4501d.glb", "foldername": null, "CLASS_NAME": "Traffic_sign-e87be76d37364866aef993b47cc4501d.glb", "hshift": 90.0, "pos0": 0, "pos1": 0, "pos2": 0, "scale": 1.4, "is_building": false, "general": {"length": 0.0630770530551672, "width": 1.1172823309898376, "height": 2.7810395043343306, "bounding_box": [[0.03324153274297714, 0.5633360743522644], [0.03324153274297714, -0.5539462566375732], [-0.029835520312190056, -0.5539462566375732], [-0.029835520312190056, 0.5633360743522644]], "center": [0.0017030062153935432, 0.004694908857345581], "color": "Yellow", "general_type": "guidance_objects", "detail_type": "Traffic_sign"}}