{"length": 0.38739264011383057, "width": 0.3904125839471817, "height": 1.7025917172431946, "mass": 10000, "filename": "Bollard-35ef0ff111b447ecace9021ae4d19053.glb", "foldername": null, "CLASS_NAME": "Bollard-35ef0ff111b447ecace9021ae4d19053.glb", "hshift": 32.987012987012974, "pos0": -1.557100236415863, "pos1": -1.828994870185852, "pos2": -1.5834522111269607, "scale": 0.524763948497854, "is_building": false, "general": {"length": 0.38739264011383057, "width": 0.3904125839471817, "height": 1.7025917172431946, "bounding_box": [[0.1936963051557541, 0.19520634412765503], [0.1936963051557541, -0.19520623981952667], [-0.19369633495807648, -0.19520623981952667], [-0.19369633495807648, 0.19520634412765503]], "center": [-1.4901161193847656e-08, 5.21540641784668e-08], "color": "Black", "general_type": "guidance_objects", "detail_type": "Bollard"}}