{"length": 0.11789918690919876, "width": 0.6106225252151489, "height": 2.599999785423279, "mass": 10000, "filename": "Traffic_sign-69007e71473f44d8b005f3073a1ab8f1.glb", "foldername": null, "CLASS_NAME": "Traffic_sign-69007e71473f44d8b005f3073a1ab8f1.glb", "hshift": 94.80519480519479, "pos0": -0.014265335235378984, "pos1": -0.0427960057061334, "pos2": 1.2981455064194023, "scale": 1.3, "is_building": false, "general": {"length": 0.11789918690919876, "width": 0.6106225252151489, "height": 2.599999785423279, "bounding_box": [[0.057246528565883636, 0.2654646933078766], [0.057246528565883636, -0.34515783190727234], [-0.060652658343315125, -0.34515783190727234], [-0.060652658343315125, 0.2654646933078766]], "center": [-0.001703064888715744, -0.039846569299697876], "color": "Black", "general_type": "guidance_objects", "detail_type": "Traffic_sign"}}