{"length": 0.4306693375110626, "width": 0.43066972494125366, "height": 1.8992075147284133, "mass": 10000, "filename": "Bollard-3afabff2d68c49a081dc010ff99fccaa.glb", "foldername": null, "CLASS_NAME": "Bollard-3afabff2d68c49a081dc010ff99fccaa.glb", "hshift": 0, "pos0": -1.4901161193847656e-08, "pos1": -1.862645149230957e-07, "pos2": 0, "scale": 0.005, "is_building": false, "general": {"length": 0.4306693375110626, "width": 0.43066972494125366, "height": 1.8992075147284133, "bounding_box": [[0.2153346687555313, 0.21533486247062683], [0.2153346687555313, -0.21533486247062683], [-0.2153346687555313, -0.21533486247062683], [-0.2153346687555313, 0.21533486247062683]], "center": [0.0, 0.0], "color": "Brown", "general_type": "guidance_objects", "detail_type": "Bollard"}}