{"length": 0.04079458210617304, "width": 1.1683220863342285, "height": 3.175560474395752, "mass": 10000, "filename": "Traffic_sign-5cba813005fa467eb01f01a2b3aa90fa.glb", "foldername": null, "CLASS_NAME": "Traffic_sign-5cba813005fa467eb01f01a2b3aa90fa.glb", "hshift": 90.0, "pos0": 0, "pos1": 0, "pos2": 0, "scale": 0.3, "is_building": false, "general": {"length": 0.04079458210617304, "width": 1.1683220863342285, "height": 3.175560474395752, "bounding_box": [[0.013571497984230518, 0.5841606259346008], [0.013571497984230518, -0.5841614603996277], [-0.02722308412194252, -0.5841614603996277], [-0.02722308412194252, 0.5841606259346008]], "center": [-0.006825793068856001, -4.172325134277344e-07], "color": "Yellow", "general_type": "guidance_objects", "detail_type": "Traffic_sign"}}