{"length": 0.12424749881029129, "width": 0.5868874788284302, "height": 2.59999942779541, "mass": 10000, "filename": "Traffic_sign-555fbab686004738b974373f6ad71d82.glb", "foldername": null, "CLASS_NAME": "Traffic_sign-555fbab686004738b974373f6ad71d82.glb", "hshift": 90.0, "pos0": -3.725290298461914e-09, "pos1": 0.0, "pos2": 1.0413694721825966, "scale": 1.3, "is_building": false, "general": {"length": 0.12424749881029129, "width": 0.5868874788284302, "height": 2.59999942779541, "bounding_box": [[0.062123749405145645, 0.2934437394142151], [0.062123749405145645, -0.2934437394142151], [-0.062123749405145645, -0.2934437394142151], [-0.062123749405145645, 0.2934437394142151]], "center": [0.0, 0.0], "color": "White", "general_type": "guidance_objects", "detail_type": "Traffic_sign"}}