{"length": 2, "width": 2, "height": 2, "filename": "trafficcone-36a9ebf2c3584519a8dbd3b7e8c2a348.glb", "foldername": null, "CLASS_NAME": "trafficcone-36a9ebf2c3584519a8dbd3b7e8c2a348.glb", "hshift": 0, "pos0": -7.862423419952393, "pos1": -11.671933650970459, "pos2": 0, "scale": 0.035633702297155116, "general": {"length": 0.7841734886169434, "width": 0.784113883972168, "bounding_box": [[0.41140127182006836, 0.3787374496459961], [0.41140127182006836, -0.4053764343261719], [-0.372772216796875, -0.4053764343261719], [-0.372772216796875, 0.3787374496459961]], "center": [0.01931452751159668, -0.01331949234008789], "color": "Orange", "general_type": "guidance_objects", "detail_type": "Cone"}}