{"length": 0.7839866876602173, "width": 0.7839866876602173, "height": 1.2135093468175455, "mass": 10000, "filename": "trafficcone-1d3f306efb4e4b43869b986c0f428b8f.glb", "foldername": null, "CLASS_NAME": "trafficcone-1d3f306efb4e4b43869b986c0f428b8f.glb", "hshift": 0, "pos0": 0, "pos1": 0, "pos2": 0, "scale": 0.391993359328076, "general": {"length": 0.7839866876602173, "width": 0.7839866876602173, "height": 1.2135093468175455, "bounding_box": [[0.39199334383010864, 0.39199334383010864], [0.39199334383010864, -0.39199334383010864], [-0.39199334383010864, -0.39199334383010864], [-0.39199334383010864, 0.39199334383010864]], "center": [0.0, 0.0], "color": "Orange", "general_type": "guidance_objects", "detail_type": "Cone"}}