{"length": 0.7033106088638306, "width": 0.6176727712154388, "height": 2.3899443298578262, "mass": 10000, "filename": "Traffic_light-31bebc39a5a0470983dc26e72d5cb68e.glb", "foldername": null, "CLASS_NAME": "Traffic_light-31bebc39a5a0470983dc26e72d5cb68e.glb", "hshift": 180.0, "pos0": 0, "pos1": 0, "pos2": 0, "scale": 0.15, "is_building": false, "general": {"length": 0.7033106088638306, "width": 0.6176727712154388, "height": 2.3899443298578262, "bounding_box": [[0.40913742780685425, 0.3234996795654297], [0.40913742780685425, -0.29417309165000916], [-0.2941731810569763, -0.29417309165000916], [-0.2941731810569763, 0.3234996795654297]], "center": [0.057482123374938965, 0.014663293957710266], "color": "Orange", "general_type": "guidance_objects", "detail_type": "Traffic_light"}}