{"length": 0.07764307409524918, "width": 1.035472333431244, "height": 2.9346779584884644, "mass": 10000, "filename": "Traffic_sign-c78915c065ef4c489c72bc138c7d0be8.glb", "foldername": null, "CLASS_NAME": "Traffic_sign-c78915c065ef4c489c72bc138c7d0be8.glb", "hshift": 90.0, "pos0": -0.02755725383758545, "pos1": -2.391418691724539, "pos2": 0, "scale": 0.5, "is_building": false, "general": {"length": 0.07764307409524918, "width": 1.035472333431244, "height": 2.9346779584884644, "bounding_box": [[0.038821615278720856, 0.5177362561225891], [0.038821615278720856, -0.5177360773086548], [-0.03882145881652832, -0.5177360773086548], [-0.03882145881652832, 0.5177362561225891]], "center": [7.82310962677002e-08, 8.940696716308594e-08], "color": "Yellow", "general_type": "guidance_objects", "detail_type": "Traffic_sign"}}