{"length": 0.025931108742952347, "width": 1.0059241652488708, "height": 2.812241852283478, "mass": 10000, "filename": "Traffic_sign-fd35bebdb5c444fbb917dfd1979ab4e2.glb", "foldername": null, "CLASS_NAME": "Traffic_sign-fd35bebdb5c444fbb917dfd1979ab4e2.glb", "hshift": -90.0, "pos0": 0.042084336280822754, "pos1": 1.5393219776451588, "pos2": -0.18544935805991436, "scale": 0.4, "is_building": false, "general": {"length": 0.025931108742952347, "width": 1.0059241652488708, "height": 2.812241852283478, "bounding_box": [[0.012965600937604904, 0.5029621124267578], [0.012965600937604904, -0.502962052822113], [-0.012965507805347443, -0.502962052822113], [-0.012965507805347443, 0.5029621124267578]], "center": [4.6566128730773926e-08, 2.9802322387695312e-08], "color": "Orange", "general_type": "guidance_objects", "detail_type": "Traffic_sign"}}