{"length": 1.2136430144309998, "width": 1.2287182807922363, "height": 5.049379348754883, "mass": 10000, "filename": "Bollard-7d2bcd7d8c8f4d53a3cfd12e8917821a.glb", "foldername": null, "CLASS_NAME": "Bollard-7d2bcd7d8c8f4d53a3cfd12e8917821a.glb", "hshift": 0, "pos0": 0.294917032122612, "pos1": -7.022580623626709, "pos2": 0.9384164222873892, "scale": 0.6022962962962963, "is_building": false, "general": {"length": 1.2136430144309998, "width": 1.2287182807922363, "height": 5.049379348754883, "bounding_box": [[0.6068215370178223, 0.6143589019775391], [0.6068215370178223, -0.6143593788146973], [-0.6068214774131775, -0.6143593788146973], [-0.6068214774131775, 0.6143589019775391]], "center": [2.9802322387695312e-08, -2.384185791015625e-07], "color": "Brown", "general_type": "guidance_objects", "detail_type": "Bollard"}}