{"length": 1.5608661770820618, "width": 1.135683298110962, "height": 1.6405303850769997, "mass": 10000, "filename": "Wheelchair-3edbd8ffbb34480ca4876aa5b9e6f0ca.glb", "foldername": null, "CLASS_NAME": "Wheelchair-3edbd8ffbb34480ca4876aa5b9e6f0ca.glb", "hshift": 90.0, "pos0": 0, "pos1": 0, "pos2": -0.05, "scale": 0.7, "general": {"length": 1.5608661770820618, "width": 1.135683298110962, "height": 1.6405303850769997, "bounding_box": [[0.7804329991340637, 0.567841649055481], [0.7804329991340637, -0.567841649055481], [-0.780433177947998, -0.567841649055481], [-0.780433177947998, 0.567841649055481]], "center": [-8.940696716308594e-08, 0.0], "color": "Black", "general_type": "human", "detail_type": "Wheelchair"}}