{"length": 1.7156181931495667, "width": 1.4072372913360596, "height": 1.311715006828308, "mass": 10000, "filename": "Wheelchair-11774a25e4bd407c811a208a06c04290.glb", "foldername": null, "CLASS_NAME": "Wheelchair-11774a25e4bd407c811a208a06c04290.glb", "hshift": 0, "pos0": -0.028173714876174927, "pos1": 0.0, "pos2": 0, "scale": 0.4, "general": {"length": 1.7156181931495667, "width": 1.4072372913360596, "height": 1.311715006828308, "bounding_box": [[0.8578091263771057, 0.7036186456680298], [0.8578091263771057, -0.7036186456680298], [-0.8578090667724609, -0.7036186456680298], [-0.8578090667724609, 0.7036186456680298]], "center": [2.9802322387695312e-08, 0.0], "color": "Red", "general_type": "human", "detail_type": "Wheelchair"}}