{"length": 1.3881397247314453, "width": 0.971690833568573, "height": 1.3734568357467651, "mass": 10000, "filename": "Wheelchair-e193b47b584e4b978d71f7b68178e61c.glb", "foldername": null, "CLASS_NAME": "Wheelchair-e193b47b584e4b978d71f7b68178e61c.glb", "hshift": 270.0, "pos0": 0.055098921060562134, "pos1": -0.13210725784301758, "pos2": 0, "scale": 0.03, "general": {"length": 1.3881397247314453, "width": 0.971690833568573, "height": 1.3734568357467651, "bounding_box": [[0.707532525062561, 0.4535669684410095], [0.707532525062561, -0.5181238651275635], [-0.6806071996688843, -0.5181238651275635], [-0.6806071996688843, 0.4535669684410095]], "center": [0.013462662696838379, -0.03227844834327698], "color": "Black", "general_type": "human", "detail_type": "Wheelchair"}}