{"length": 1.6658997535705566, "width": 0.9089199900627136, "height": 1.4509749938733876, "mass": 10000, "filename": "Wheelchair-379b5009f94b4996b5d14d5e287283c7.glb", "foldername": null, "CLASS_NAME": "Wheelchair-379b5009f94b4996b5d14d5e287283c7.glb", "hshift": 0, "pos0": 0, "pos1": 0, "pos2": 0, "scale": 0.05, "general": {"length": 1.6658997535705566, "width": 0.9089199900627136, "height": 1.4509749938733876, "bounding_box": [[1.1515498161315918, 0.4544600248336792], [1.1515498161315918, -0.4544599652290344], [-0.5143499374389648, -0.4544599652290344], [-0.5143499374389648, 0.4544600248336792]], "center": [0.3185999393463135, 2.9802322387695312e-08], "color": "White", "general_type": "human", "detail_type": "Wheelchair"}}