{"length": 1.1714565455913544, "width": 1.2606356739997864, "height": 1.631033182144165, "mass": 10000, "filename": "Bonsai-bb78fba55edf41c499427f4106ef1e69.glb", "foldername": null, "CLASS_NAME": "Bonsai-bb78fba55edf41c499427f4106ef1e69.glb", "hshift": 0, "pos0": 0, "pos1": 0, "pos2": 0, "scale": 0.33576296296296293, "is_building": false, "general": {"length": 1.1714565455913544, "width": 1.2606356739997864, "height": 1.631033182144165, "bounding_box": [[0.6878600716590881, 0.6730174422264099], [0.6878600716590881, -0.5876182317733765], [-0.48359647393226624, -0.5876182317733765], [-0.48359647393226624, 0.6730174422264099]], "center": [0.10213179886341095, 0.042699605226516724], "color": "Red", "general_type": "plant", "detail_type": "Bonsai"}}