{"length": 0.825507402420044, "width": 0.7390600144863129, "height": 1.0125022530555725, "mass": 10000, "filename": "Bonsai-2e90cc03b71c48e79efefc1816aee5f3.glb", "foldername": null, "CLASS_NAME": "Bonsai-2e90cc03b71c48e79efefc1816aee5f3.glb", "hshift": 0, "pos0": 21.872061491012573, "pos1": 30.62276118993759, "pos2": 0.29957203994293913, "scale": 1.7830758226037196, "is_building": false, "general": {"length": 0.825507402420044, "width": 0.7390600144863129, "height": 1.0125022530555725, "bounding_box": [[0.4127521514892578, 0.3695310950279236], [0.4127521514892578, -0.3695289194583893], [-0.41275525093078613, -0.3695289194583893], [-0.41275525093078613, 0.3695310950279236]], "center": [-1.5497207641601562e-06, 1.087784767150879e-06], "color": "Green", "general_type": "plant", "detail_type": "Bonsai"}}