{"length": 3.380322515964508, "width": 4.5494468212127686, "height": 7.623709678649902, "mass": 10000, "filename": "Tree-59601f2f73b84b5d951647b15aa2ea81.glb", "foldername": null, "CLASS_NAME": "Tree-59601f2f73b84b5d951647b15aa2ea81.glb", "hshift": 0, "pos0": 0, "pos1": 0, "pos2": 0, "scale": 1.8116738197424893, "is_building": false, "general": {"length": 3.380322515964508, "width": 4.5494468212127686, "height": 7.623709678649902, "bounding_box": [[0.9228273034095764, 1.7457151412963867], [0.9228273034095764, -2.803731679916382], [-2.4574952125549316, -2.803731679916382], [-2.4574952125549316, 1.7457151412963867]], "center": [-0.7673339545726776, -0.5290082693099976], "color": "Brown", "general_type": "plant", "detail_type": "Tree"}}