{"length": 1.2922299802303314, "width": 0.7260947227478027, "height": 1.7216362130711786, "mass": 10000, "filename": "Bonsai-9ff401e97a30418ab7d865e36a467fba.glb", "foldername": null, "CLASS_NAME": "Bonsai-9ff401e97a30418ab7d865e36a467fba.glb", "hshift": 0, "pos0": 0, "pos1": 0, "pos2": 0, "scale": 0.18768888888888888, "is_building": false, "general": {"length": 1.2922299802303314, "width": 0.7260947227478027, "height": 1.7216362130711786, "bounding_box": [[1.0914028882980347, 0.39568108320236206], [1.0914028882980347, -0.3304136395454407], [-0.20082709193229675, -0.3304136395454407], [-0.20082709193229675, 0.39568108320236206]], "center": [0.44528789818286896, 0.03263372182846069], "color": "White", "general_type": "plant", "detail_type": "Bonsai"}}