{"length": 0.6471910178661346, "width": 1.5551027059555054, "height": 1.2005242258310318, "mass": 10000, "filename": "Bonsai-1763875ddd7041fd89f0f08c7d1f8b81.glb", "foldername": null, "CLASS_NAME": "Bonsai-1763875ddd7041fd89f0f08c7d1f8b81.glb", "hshift": 90.0, "pos0": 0, "pos1": 0, "pos2": 0.2, "scale": 0.04, "is_building": false, "general": {"length": 0.6471910178661346, "width": 1.5551027059555054, "height": 1.2005242258310318, "bounding_box": [[0.3224469721317291, 0.3824024200439453], [0.3224469721317291, -1.17270028591156], [-0.3247440457344055, -1.17270028591156], [-0.3247440457344055, 0.3824024200439453]], "center": [-0.0011485368013381958, -0.3951489329338074], "color": "Purple", "general_type": "plant", "detail_type": "Bonsai"}}