{"length": 6.11924409866333, "width": 5.272520065307617, "height": 6.348613202571869, "mass": 10000, "filename": "Bonsai-1053b1f8eeed4ca4b17227ed399c1b8f.glb", "foldername": null, "CLASS_NAME": "Bonsai-1053b1f8eeed4ca4b17227ed399c1b8f.glb", "hshift": 0, "pos0": 0.14032626152038574, "pos1": -0.034168124198913574, "pos2": 0, "scale": 1.4, "is_building": false, "general": {"length": 6.11924409866333, "width": 5.272520065307617, "height": 6.348613202571869, "bounding_box": [[3.059622049331665, 2.6362600326538086], [3.059622049331665, -2.6362600326538086], [-3.059622049331665, -2.6362600326538086], [-3.059622049331665, 2.6362600326538086]], "center": [0.0, 0.0], "color": "Brown", "general_type": "plant", "detail_type": "Bonsai"}}