{"length": 1.2449932098388672, "width": 1.2426230907440186, "height": 2.1855173632502556, "mass": 10000, "filename": "Bonsai-da95b8f20c56476a81765e5eb2c4726d.glb", "foldername": null, "CLASS_NAME": "Bonsai-da95b8f20c56476a81765e5eb2c4726d.glb", "hshift": 0, "pos0": 0.02094089984893799, "pos1": 1.0581298768520355, "pos2": 1.0850439882697938, "scale": 0.03961481481481481, "is_building": false, "general": {"length": 1.2449932098388672, "width": 1.2426230907440186, "height": 2.1855173632502556, "bounding_box": [[0.6224966049194336, 0.621311604976654], [0.6224966049194336, -0.6213114857673645], [-0.6224966049194336, -0.6213114857673645], [-0.6224966049194336, 0.621311604976654]], "center": [0.0, 5.960464477539063e-08], "color": "Blue", "general_type": "plant", "detail_type": "Bonsai"}}