{"length": 7.1204752922058105, "width": 10.758968353271484, "height": 8.327077507972717, "mass": 10000, "filename": "Tree-7d8cb01c1a3e4735940a8c73f4223c52.glb", "foldername": null, "CLASS_NAME": "Tree-7d8cb01c1a3e4735940a8c73f4223c52.glb", "hshift": 0, "pos0": 0, "pos1": 0, "pos2": 0, "scale": 0.5533619456366237, "is_building": false, "general": {"length": 7.1204752922058105, "width": 10.758968353271484, "height": 8.327077507972717, "bounding_box": [[3.220963716506958, 5.5511884689331055], [3.220963716506958, -5.207779884338379], [-3.8995115756988525, -5.207779884338379], [-3.8995115756988525, 5.5511884689331055]], "center": [-0.33927392959594727, 0.17170429229736328], "color": "White", "general_type": "plant", "detail_type": "Tree"}}