{"length": 2.0276565551757812, "width": 0.9484449625015259, "height": 2.245158702135086, "mass": 10000, "filename": "Bonsai-4ef1f5f0181e439bbe7de4cef9851103.glb", "foldername": null, "CLASS_NAME": "Bonsai-4ef1f5f0181e439bbe7de4cef9851103.glb", "hshift": 0, "pos0": -0.2871881127357483, "pos1": -7.450580596923828e-08, "pos2": 0, "scale": 0.1580740740740741, "is_building": false, "general": {"length": 2.0276565551757812, "width": 0.9484449625015259, "height": 2.245158702135086, "bounding_box": [[1.0138282775878906, 0.47422248125076294], [1.0138282775878906, -0.47422248125076294], [-1.0138282775878906, -0.47422248125076294], [-1.0138282775878906, 0.47422248125076294]], "center": [0.0, 0.0], "color": "Green", "general_type": "plant", "detail_type": "Bonsai"}}