{"length": 7.9032981395721436, "width": 6.971600294113159, "height": 6.999599666101858, "mass": 10000, "filename": "Tree-7ce5b68f34834372aa3c49540793bf56.glb", "foldername": null, "CLASS_NAME": "Tree-7ce5b68f34834372aa3c49540793bf56.glb", "hshift": 0, "pos0": 0, "pos1": 0, "pos2": 0, "scale": 0.01, "is_building": false, "general": {"length": 7.9032981395721436, "width": 6.971600294113159, "height": 6.999599666101858, "bounding_box": [[4.657098770141602, 2.7335002422332764], [4.657098770141602, -4.238100051879883], [-3.246199369430542, -4.238100051879883], [-3.246199369430542, 2.7335002422332764]], "center": [0.7054497003555298, -0.7522999048233032], "color": "Red", "general_type": "plant", "detail_type": "Tree"}}