{"length": 1.4954450130462646, "width": 1.3419381380081177, "height": 1.3572070002555847, "mass": 10000, "filename": "Bonsai-ba5c03d8aff24231945cbea6d8b0ae81.glb", "foldername": null, "CLASS_NAME": "Bonsai-ba5c03d8aff24231945cbea6d8b0ae81.glb", "hshift": 180.0, "pos0": 0.03983810544013977, "pos1": -0.008606910705566406, "pos2": 0, "scale": 1.0967238912732473, "is_building": false, "general": {"length": 1.4954450130462646, "width": 1.3419381380081177, "height": 1.3572070002555847, "bounding_box": [[0.7477225065231323, 0.6709690690040588], [0.7477225065231323, -0.6709690690040588], [-0.7477225065231323, -0.6709690690040588], [-0.7477225065231323, 0.6709690690040588]], "center": [0.0, 0.0], "color": "Purple", "general_type": "plant", "detail_type": "Bonsai"}}