{"length": 0.6913939714431763, "width": 1.5895330905914307, "height": 1.6295164376497269, "mass": 10000, "filename": "Bonsai-6e031624f7994103ac33be9c68bb8672.glb", "foldername": null, "CLASS_NAME": "Bonsai-6e031624f7994103ac33be9c68bb8672.glb", "hshift": -90.0, "pos0": 0.06382645666599274, "pos1": 0.5703025013208389, "pos2": 0, "scale": 0.08, "is_building": false, "general": {"length": 0.6913939714431763, "width": 1.5895330905914307, "height": 1.6295164376497269, "bounding_box": [[0.34569698572158813, 0.7947665452957153], [0.34569698572158813, -0.7947665452957153], [-0.34569698572158813, -0.7947665452957153], [-0.34569698572158813, 0.7947665452957153]], "center": [0.0, 0.0], "color": "Gray", "general_type": "plant", "detail_type": "Bonsai"}}