{"length": 1.2737091183662415, "width": 0.7541044056415558, "height": 1.3740107715129852, "mass": 10000, "filename": "Bonsai-02263be0b2e64c42bfff86f5c2c18514.glb", "foldername": null, "CLASS_NAME": "Bonsai-02263be0b2e64c42bfff86f5c2c18514.glb", "hshift": 0, "pos0": -0.10205307602882385, "pos1": 0.030425459146499634, "pos2": 0, "scale": 0.1, "is_building": false, "general": {"length": 1.2737091183662415, "width": 0.7541044056415558, "height": 1.3740107715129852, "bounding_box": [[0.6368545293807983, 0.3770521879196167], [0.6368545293807983, -0.3770522177219391], [-0.6368545889854431, -0.3770522177219391], [-0.6368545889854431, 0.3770521879196167]], "center": [-2.9802322387695312e-08, -1.4901161193847656e-08], "color": "Gray", "general_type": "plant", "detail_type": "Bonsai"}}