{"length": 11.327199935913086, "width": 12.174307823181152, "height": 9.925195053219795, "mass": 10000, "filename": "Tree-6328df8a0f214143a880a72b86db2ab4.glb", "foldername": null, "CLASS_NAME": "Tree-6328df8a0f214143a880a72b86db2ab4.glb", "hshift": 0, "pos0": 0.09249162673950195, "pos1": -1.5519909858703613, "pos2": 0, "scale": 2.154849785407725, "is_building": false, "general": {"length": 11.327199935913086, "width": 12.174307823181152, "height": 9.925195053219795, "bounding_box": [[5.663599967956543, 6.087153911590576], [5.663599967956543, -6.087153911590576], [-5.663599967956543, -6.087153911590576], [-5.663599967956543, 6.087153911590576]], "center": [0.0, 0.0], "color": "Brown", "general_type": "plant", "detail_type": "Tree"}}