{"length": 8.24967336654663, "width": 6.2621119022369385, "height": 9.65211221575737, "mass": 10000, "filename": "Tree-1f96dd69bd714542b8ad93ad17dadf27.glb", "foldername": null, "CLASS_NAME": "Tree-1f96dd69bd714542b8ad93ad17dadf27.glb", "hshift": 0, "pos0": 0.0427960057061334, "pos1": -0.24251069900142674, "pos2": 0, "scale": 1, "is_building": false, "general": {"length": 8.24967336654663, "width": 6.2621119022369385, "height": 9.65211221575737, "bounding_box": [[4.133738994598389, 3.311889410018921], [4.133738994598389, -2.9502224922180176], [-4.115934371948242, -2.9502224922180176], [-4.115934371948242, 3.311889410018921]], "center": [0.008902311325073242, 0.18083345890045166], "color": "Orange", "general_type": "plant", "detail_type": "Tree"}}