{"length": 2.945652484893799, "width": 2.3020191192626953, "height": 3.270839463919401, "mass": 10000, "filename": "Bonsai-67bf1718a51d4dcca9ca453cb9a25274.glb", "foldername": null, "CLASS_NAME": "Bonsai-67bf1718a51d4dcca9ca453cb9a25274.glb", "hshift": 0, "pos0": 0.09950190782546997, "pos1": 0.13341408967971802, "pos2": 0.0, "scale": 0.1, "is_building": false, "general": {"length": 2.945652484893799, "width": 2.3020191192626953, "height": 3.270839463919401, "bounding_box": [[1.4728262424468994, 1.1510095596313477], [1.4728262424468994, -1.1510095596313477], [-1.4728262424468994, -1.1510095596313477], [-1.4728262424468994, 1.1510095596313477]], "center": [0.0, 0.0], "color": "Brown", "general_type": "plant", "detail_type": "Bonsai"}}