{"length": 0.8958285450935364, "width": 0.9411767423152924, "height": 1.293894648551941, "mass": 10000, "filename": "Bonsai-703c040519d14326b0bf4744ee50794d.glb", "foldername": null, "CLASS_NAME": "Bonsai-703c040519d14326b0bf4744ee50794d.glb", "hshift": 0, "pos0": -0.0321228951215744, "pos1": -0.0432916134595871, "pos2": 0, "scale": 0.03961481481481481, "is_building": false, "general": {"length": 0.8958285450935364, "width": 0.9411767423152924, "height": 1.293894648551941, "bounding_box": [[0.4479143023490906, 0.4705883860588074], [0.4479143023490906, -0.470588356256485], [-0.4479142427444458, -0.470588356256485], [-0.4479142427444458, 0.4705883860588074]], "center": [2.9802322387695312e-08, 1.4901161193847656e-08], "color": "Green", "general_type": "plant", "detail_type": "Bonsai"}}