{"length": 7.801903009414673, "width": 7.06199836730957, "height": 11.252266891025657, "mass": 10000, "filename": "Tree-c73983ac9d5b49eaacbbe260dc39176b.glb", "foldername": null, "CLASS_NAME": "Tree-c73983ac9d5b49eaacbbe260dc39176b.glb", "hshift": 0, "pos0": 0, "pos1": 0, "pos2": 0, "scale": 0.7249499284692418, "is_building": false, "general": {"length": 7.801903009414673, "width": 7.06199836730957, "height": 11.252266891025657, "bounding_box": [[3.8353254795074463, 3.7041971683502197], [3.8353254795074463, -3.3578011989593506], [-3.9665775299072266, -3.3578011989593506], [-3.9665775299072266, 3.7041971683502197]], "center": [-0.06562602519989014, 0.17319798469543457], "color": "Brown", "general_type": "plant", "detail_type": "Tree"}}