{"length": 5.581181526184082, "width": 6.272067070007324, "height": 4.507360270712525, "mass": 10000, "filename": "Bonsai-d1741c762acb4a8e953c5c86aef1e457.glb", "foldername": null, "CLASS_NAME": "Bonsai-d1741c762acb4a8e953c5c86aef1e457.glb", "hshift": 0, "pos0": -0.025184273719787598, "pos1": 0.09815847873687744, "pos2": 0, "scale": 0.8107439198855507, "is_building": false, "general": {"length": 5.581181526184082, "width": 6.272067070007324, "height": 4.507360270712525, "bounding_box": [[2.790590763092041, 3.136033535003662], [2.790590763092041, -3.136033535003662], [-2.790590763092041, -3.136033535003662], [-2.790590763092041, 3.136033535003662]], "center": [0.0, 0.0], "color": "Gray", "general_type": "plant", "detail_type": "Bonsai"}}