{"length": 0.5277631282806396, "width": 0.8801688551902771, "height": 1.0319256782531738, "mass": 10000, "filename": "Bonsai-208097cfe0314650be789fbda9f6fe3c.glb", "foldername": null, "CLASS_NAME": "Bonsai-208097cfe0314650be789fbda9f6fe3c.glb", "hshift": 90.0, "pos0": -0.009851962327957153, "pos1": -0.23241882026195526, "pos2": 0.3281027104136953, "scale": 0.08, "is_building": false, "general": {"length": 0.5277631282806396, "width": 0.8801688551902771, "height": 1.0319256782531738, "bounding_box": [[0.26191115379333496, 0.3936006426811218], [0.26191115379333496, -0.4865682125091553], [-0.2658519744873047, -0.4865682125091553], [-0.2658519744873047, 0.3936006426811218]], "center": [-0.0019704103469848633, -0.046483784914016724], "color": "Brown", "general_type": "plant", "detail_type": "Bonsai"}}