{"length": 9.401454448699951, "width": 9.102948665618896, "height": 8.159340489655733, "mass": 10000, "filename": "Tree-4886701e316b4d21bb4ff56080d05a27.glb", "foldername": null, "CLASS_NAME": "Tree-4886701e316b4d21bb4ff56080d05a27.glb", "hshift": 0, "pos0": 0, "pos1": 0, "pos2": 0, "scale": 30.0, "is_building": false, "general": {"length": 9.401454448699951, "width": 9.102948665618896, "height": 8.159340489655733, "bounding_box": [[4.9079060554504395, 4.551012992858887], [4.9079060554504395, -4.55193567276001], [-4.493548393249512, -4.55193567276001], [-4.493548393249512, 4.551012992858887]], "center": [0.20717883110046387, -0.00046133995056152344], "color": "Green", "general_type": "plant", "detail_type": "Tree"}}