{"length": 1.2652972340583801, "width": 1.497176468372345, "height": 1.6866395473480225, "mass": 10000, "filename": "Bonsai-85a06b2cfe434a4ebed80d932090a75c.glb", "foldername": null, "CLASS_NAME": "Bonsai-85a06b2cfe434a4ebed80d932090a75c.glb", "hshift": 0, "pos0": -0.8987161198288156, "pos1": -1.6119828815977186, "pos2": 0.3851640513552077, "scale": 6.0, "is_building": false, "general": {"length": 1.2652972340583801, "width": 1.497176468372345, "height": 1.6866395473480225, "bounding_box": [[0.6764446496963501, 0.5491595268249512], [0.6764446496963501, -0.9480169415473938], [-0.58885258436203, -0.9480169415473938], [-0.58885258436203, 0.5491595268249512]], "center": [0.043796032667160034, -0.1994287073612213], "color": "Green", "general_type": "plant", "detail_type": "Bonsai"}}