{"length": 4.775092601776123, "width": 5.242578744888306, "height": 8.903815731406212, "mass": 10000, "filename": "Tree-8b4f2938bcdf43d0a84834ebca200979.glb", "foldername": null, "CLASS_NAME": "Tree-8b4f2938bcdf43d0a84834ebca200979.glb", "hshift": 0, "pos0": 0.12838801711840198, "pos1": -0.0427960057061334, "pos2": 0.15691868758915817, "scale": 0.3817739628040057, "is_building": false, "general": {"length": 4.775092601776123, "width": 5.242578744888306, "height": 8.903815731406212, "bounding_box": [[2.6467249393463135, 1.9348344802856445], [2.6467249393463135, -3.307744264602661], [-2.1283676624298096, -3.307744264602661], [-2.1283676624298096, 1.9348344802856445]], "center": [0.25917863845825195, -0.6864548921585083], "color": "Brown", "general_type": "plant", "detail_type": "Tree"}}