{"length": 0.48069414496421814, "width": 0.5276768207550049, "height": 0.6468075811862946, "mass": 10000, "filename": "Bonsai-f92fe84a43f742e096ae1032818612ce.glb", "foldername": null, "CLASS_NAME": "Bonsai-f92fe84a43f742e096ae1032818612ce.glb", "hshift": 0, "pos0": 0.0, "pos1": 0.26383840697573957, "pos2": 0.3281027104136953, "scale": 2.8126037195994273, "is_building": false, "general": {"length": 0.48069414496421814, "width": 0.5276768207550049, "height": 0.6468075811862946, "bounding_box": [[0.24034707248210907, 0.26383841037750244], [0.24034707248210907, -0.26383841037750244], [-0.24034707248210907, -0.26383841037750244], [-0.24034707248210907, 0.26383841037750244]], "center": [0.0, 0.0], "color": "Green", "general_type": "plant", "detail_type": "Bonsai"}}