{"length": 4.543272018432617, "width": 5.12447452545166, "height": 9.419445872306824, "mass": 10000, "filename": "Tree-81746515b5a94e71a60ec18aa4583f83.glb", "foldername": null, "CLASS_NAME": "Tree-81746515b5a94e71a60ec18aa4583f83.glb", "hshift": 0.25974025974025494, "pos0": 0, "pos1": 0, "pos2": 0, "scale": 1.4970958512160228, "is_building": false, "general": {"length": 4.543272018432617, "width": 5.12447452545166, "height": 9.419445872306824, "bounding_box": [[2.141226053237915, 2.781712770462036], [2.141226053237915, -2.342761754989624], [-2.402045965194702, -2.342761754989624], [-2.402045965194702, 2.781712770462036]], "center": [-0.13040995597839355, 0.21947550773620605], "color": "Brown", "general_type": "plant", "detail_type": "Tree"}}