{"length": 2, "width": 2, "height": 2, "filename": "Vegetation-7e834bd36441470d94f62145accb18a3.glb", "foldername": null, "CLASS_NAME": "Vegetation-7e834bd36441470d94f62145accb18a3.glb", "hshift": 0, "pos0": -0.13427042961120605, "pos1": 0.07129096984863281, "pos2": 4.65149359886202, "scale": 1.0, "general": {"length": 6.083284378051758, "width": 5.643644332885742, "bounding_box": [[3.041642189025879, 2.821822166442871], [3.041642189025879, -2.821822166442871], [-3.041642189025879, -2.821822166442871], [-3.041642189025879, 2.821822166442871]], "center": [0.0, 0.0], "color": "", "general_type": "plant", "detail_type": "Vegetation"}}