{"length": 9.285749435424805, "width": 6.299522876739502, "height": 7.678415060043335, "mass": 10000, "filename": "Tree-851ebedd82264f5b9b5d0a38af10f2e3.glb", "foldername": null, "CLASS_NAME": "Tree-851ebedd82264f5b9b5d0a38af10f2e3.glb", "hshift": 0, "pos0": 0.0, "pos1": 2.384185791015625e-06, "pos2": 3.8088445078459348, "scale": 4.642875536480686, "is_building": false, "general": {"length": 9.285749435424805, "width": 6.299522876739502, "height": 7.678415060043335, "bounding_box": [[4.642874717712402, 3.149761438369751], [4.642874717712402, -3.149761438369751], [-4.642874717712402, -3.149761438369751], [-4.642874717712402, 3.149761438369751]], "center": [0.0, 0.0], "color": "Green", "general_type": "plant", "detail_type": "Tree"}}