{"length": 1.867642343044281, "width": 2.090843081474304, "height": 5.848018334130757, "mass": 10000, "filename": "Tree-3ec75ea77a4d4ffc8ea2dc9744580151.glb", "foldername": null, "CLASS_NAME": "Tree-3ec75ea77a4d4ffc8ea2dc9744580151.glb", "hshift": 0, "pos0": 0, "pos1": 0, "pos2": 0, "scale": 1.1825178826895566, "is_building": false, "general": {"length": 1.867642343044281, "width": 2.090843081474304, "height": 5.848018334130757, "bounding_box": [[1.026832103729248, 0.884852409362793], [1.026832103729248, -1.2059906721115112], [-0.840810239315033, -1.2059906721115112], [-0.840810239315033, 0.884852409362793]], "center": [0.09301093220710754, -0.16056913137435913], "color": "Brown", "general_type": "plant", "detail_type": "Tree"}}