{"length": 0.6814683079719543, "width": 0.882260262966156, "height": 0.7045422494411469, "mass": 10000, "filename": "Bonsai-4f09442c12634740b95994790864d354.glb", "foldername": null, "CLASS_NAME": "Bonsai-4f09442c12634740b95994790864d354.glb", "hshift": 0, "pos0": 0.03459182381629944, "pos1": -0.17335547506809235, "pos2": 0, "scale": 0.06922962962962963, "is_building": false, "general": {"length": 0.6814683079719543, "width": 0.882260262966156, "height": 0.7045422494411469, "bounding_box": [[0.34073418378829956, 0.4411301016807556], [0.34073418378829956, -0.4411301612854004], [-0.3407341241836548, -0.4411301612854004], [-0.3407341241836548, 0.4411301016807556]], "center": [2.9802322387695312e-08, -2.9802322387695312e-08], "color": "Red", "general_type": "plant", "detail_type": "Bonsai"}}