{"length": 4.6117329597473145, "width": 6.026198387145996, "height": 4.782819297164679, "mass": 10000, "filename": "Bonsai-2ec7ccf413a841e2b51be9494a66c9df.glb", "foldername": null, "CLASS_NAME": "Bonsai-2ec7ccf413a841e2b51be9494a66c9df.glb", "hshift": 0, "pos0": -0.028080463409423828, "pos1": 0.39383745193481445, "pos2": 0, "scale": 0.6, "is_building": false, "general": {"length": 4.6117329597473145, "width": 6.026198387145996, "height": 4.782819297164679, "bounding_box": [[2.3058664798736572, 3.013099193572998], [2.3058664798736572, -3.013099193572998], [-2.3058664798736572, -3.013099193572998], [-2.3058664798736572, 3.013099193572998]], "center": [0.0, 0.0], "color": "Gray", "general_type": "plant", "detail_type": "Bonsai"}}