{"length": 0.9073943197727203, "width": 1.41191166639328, "height": 1.4567095041275024, "mass": 10000, "filename": "Bonsai-6bbc9b1aa6bc4ec48c960985aaa9a7a4.glb", "foldername": null, "CLASS_NAME": "Bonsai-6bbc9b1aa6bc4ec48c960985aaa9a7a4.glb", "hshift": 0, "pos0": -9.789400100708008, "pos1": 3.1452587842941284, "pos2": 0, "scale": 1, "is_building": false, "general": {"length": 0.9073943197727203, "width": 1.41191166639328, "height": 1.4567095041275024, "bounding_box": [[0.45369741320610046, 0.7059558629989624], [0.45369741320610046, -0.7059558033943176], [-0.4536969065666199, -0.7059558033943176], [-0.4536969065666199, 0.7059558629989624]], "center": [2.5331974029541016e-07, 2.9802322387695312e-08], "color": "Green", "general_type": "plant", "detail_type": "Bonsai"}}