{"length": 4.191178321838379, "width": 3.842645764350891, "height": 5.213663816452026, "mass": 10000, "filename": "Vegetation-5479974baffe4d2b879c195745ccb11f.glb", "foldername": null, "CLASS_NAME": "Vegetation-5479974baffe4d2b879c195745ccb11f.glb", "hshift": 0, "pos0": 0.07551014423370361, "pos1": -0.049059152603149414, "pos2": 0, "scale": 1.892953308662878, "general": {"length": 4.191178321838379, "width": 3.842645764350891, "height": 5.213663816452026, "bounding_box": [[2.0955891609191895, 1.9213228225708008], [2.0955891609191895, -1.9213229417800903], [-2.0955891609191895, -1.9213229417800903], [-2.0955891609191895, 1.9213228225708008]], "center": [0.0, -5.960464477539063e-08], "color": "Green", "general_type": "plant", "detail_type": "Vegetation"}}