{"length": 4.488788604736328, "width": 3.4711577892303467, "height": 7.798654317855835, "mass": 10000, "filename": "Tree-f678f5f553e4488b91234bbb2f9cf8ae.glb", "foldername": null, "CLASS_NAME": "Tree-f678f5f553e4488b91234bbb2f9cf8ae.glb", "hshift": 0, "pos0": 0.0, "pos1": 0.0, "pos2": 3.9229671897289577, "scale": 3.8993276108726747, "is_building": false, "general": {"length": 4.488788604736328, "width": 3.4711577892303467, "height": 7.798654317855835, "bounding_box": [[2.244394302368164, 1.7355788946151733], [2.244394302368164, -1.7355788946151733], [-2.244394302368164, -1.7355788946151733], [-2.244394302368164, 1.7355788946151733]], "center": [0.0, 0.0], "color": "Green", "general_type": "plant", "detail_type": "Tree"}}