{"length": 4.016911745071411, "width": 4.016911506652832, "height": 3.5097716732568642, "mass": 10000, "filename": "Vegetation-520dc8e3d01d4ddc8d97c710508f9f8b.glb", "foldername": null, "CLASS_NAME": "Vegetation-520dc8e3d01d4ddc8d97c710508f9f8b.glb", "hshift": 0, "pos0": 0.0, "pos1": -1.1920928955078125e-07, "pos2": 0, "scale": 4.0, "general": {"length": 4.016911745071411, "width": 4.016911506652832, "height": 3.5097716732568642, "bounding_box": [[2.008455753326416, 2.008455514907837], [2.008455753326416, -2.008455991744995], [-2.008455991744995, -2.008455991744995], [-2.008455991744995, 2.008455514907837]], "center": [-1.1920928955078125e-07, -2.384185791015625e-07], "color": "Green", "general_type": "plant", "detail_type": "Vegetation"}}