{"length": 5.350494861602783, "width": 5.16250205039978, "height": 8.87446110881865, "mass": 10000, "filename": "Tree-728be0af32654c3eb235e1ff8659a417.glb", "foldername": null, "CLASS_NAME": "Tree-728be0af32654c3eb235e1ff8659a417.glb", "hshift": 0, "pos0": 0.0022284984588623047, "pos1": -0.014265335235378984, "pos2": 0.0427960057061334, "scale": 11.077424892703862, "is_building": false, "general": {"length": 5.350494861602783, "width": 5.16250205039978, "height": 8.87446110881865, "bounding_box": [[2.6752474308013916, 2.4118785858154297], [2.6752474308013916, -2.7506234645843506], [-2.6752474308013916, -2.7506234645843506], [-2.6752474308013916, 2.4118785858154297]], "center": [0.0, -0.16937243938446045], "color": "Green", "general_type": "plant", "detail_type": "Tree"}}