{"length": 7.006984233856201, "width": 7.80710768699646, "height": 9.639646515250206, "mass": 10000, "filename": "Tree-f70a95844f3d40b9b7fac241a71f9cd8.glb", "foldername": null, "CLASS_NAME": "Tree-f70a95844f3d40b9b7fac241a71f9cd8.glb", "hshift": 0, "pos0": 0, "pos1": 0, "pos2": 0, "scale": 10.905836909871244, "is_building": false, "general": {"length": 7.006984233856201, "width": 7.80710768699646, "height": 9.639646515250206, "bounding_box": [[3.831094264984131, 3.839460611343384], [3.831094264984131, -3.967647075653076], [-3.1758899688720703, -3.967647075653076], [-3.1758899688720703, 3.839460611343384]], "center": [0.3276021480560303, -0.06409323215484619], "color": "Black", "general_type": "plant", "detail_type": "Tree"}}