{"length": 8.3638014793396, "width": 7.668886184692383, "height": 7.548867230187053, "mass": 10000, "filename": "Tree-5761dc5e469b42898d95bd8c0c814c9e.glb", "foldername": null, "CLASS_NAME": "Tree-5761dc5e469b42898d95bd8c0c814c9e.glb", "hshift": 0, "pos0": 0, "pos1": 0, "pos2": 0, "scale": 0.32457796852646636, "is_building": false, "general": {"length": 8.3638014793396, "width": 7.668886184692383, "height": 7.548867230187053, "bounding_box": [[4.024490833282471, 3.614318370819092], [4.024490833282471, -4.054567813873291], [-4.339310646057129, -4.054567813873291], [-4.339310646057129, 3.614318370819092]], "center": [-0.1574099063873291, -0.2201247215270996], "color": "Green", "general_type": "plant", "detail_type": "Tree"}}