{"length": 0.9129490852355957, "width": 0.6508655101060867, "height": 1.197928249835968, "mass": 10000, "filename": "Bonsai-a148dc4ea44948138332b0d86c6f0851.glb", "foldername": null, "CLASS_NAME": "Bonsai-a148dc4ea44948138332b0d86c6f0851.glb", "hshift": 0, "pos0": 0.007868856191635132, "pos1": -0.014265335235378984, "pos2": 0, "scale": 1.7544778254649498, "is_building": false, "general": {"length": 0.9129490852355957, "width": 0.6508655101060867, "height": 1.197928249835968, "bounding_box": [[0.45647454261779785, 0.23261044919490814], [0.45647454261779785, -0.4182550609111786], [-0.45647454261779785, -0.4182550609111786], [-0.45647454261779785, 0.23261044919490814]], "center": [0.0, -0.09282230585813522], "color": "Brown", "general_type": "plant", "detail_type": "Bonsai"}}