{"length": 5.2724950313568115, "width": 6.410830497741699, "height": 7.460766805335879, "mass": 10000, "filename": "Tree-c55bfe9f6ff94d1d94443796b3b320a5.glb", "foldername": null, "CLASS_NAME": "Tree-c55bfe9f6ff94d1d94443796b3b320a5.glb", "hshift": 0, "pos0": 0.0427960057061334, "pos1": -0.014265335235378984, "pos2": -0.014265335235378984, "scale": 0.41037195994277537, "is_building": false, "general": {"length": 5.2724950313568115, "width": 6.410830497741699, "height": 7.460766805335879, "bounding_box": [[2.392568826675415, 2.0931997299194336], [2.392568826675415, -4.317630767822266], [-2.8799262046813965, -4.317630767822266], [-2.8799262046813965, 2.0931997299194336]], "center": [-0.24367868900299072, -1.112215518951416], "color": "Gray", "general_type": "plant", "detail_type": "Tree"}}