{"length": 0.32636886835098267, "width": 0.724313497543335, "height": 0.8857240937650204, "mass": 10000, "filename": "Bonsai-f6bfe49027c64734a77738d3baba37b0.glb", "foldername": null, "CLASS_NAME": "Bonsai-f6bfe49027c64734a77738d3baba37b0.glb", "hshift": 90.0, "pos0": 0.002532094717025757, "pos1": 0.00425054132938385, "pos2": 0, "scale": 0.002, "is_building": false, "general": {"length": 0.32636886835098267, "width": 0.724313497543335, "height": 0.8857240937650204, "bounding_box": [[0.16318443417549133, 0.3621567487716675], [0.16318443417549133, -0.3621567487716675], [-0.16318443417549133, -0.3621567487716675], [-0.16318443417549133, 0.3621567487716675]], "center": [0.0, 0.0], "color": "Purple", "general_type": "plant", "detail_type": "Bonsai"}}