{"length": 1.035387635231018, "width": 0.8983490765094757, "height": 1.7700039744377136, "mass": 10000, "filename": "Bonsai-41cb36ba609a4f9dab4080b47b2c60c3.glb", "foldername": null, "CLASS_NAME": "Bonsai-41cb36ba609a4f9dab4080b47b2c60c3.glb", "hshift": 0, "pos0": 0, "pos1": 0, "pos2": 0, "scale": 0.06922962962962963, "is_building": false, "general": {"length": 1.035387635231018, "width": 0.8983490765094757, "height": 1.7700039744377136, "bounding_box": [[0.6677390336990356, 0.5899405479431152], [0.6677390336990356, -0.3084085285663605], [-0.3676486015319824, -0.3084085285663605], [-0.3676486015319824, 0.5899405479431152]], "center": [0.1500452160835266, 0.14076600968837738], "color": "Brown", "general_type": "plant", "detail_type": "Bonsai"}}