{"length": 1.457261562347412, "width": 1.3184638619422913, "height": 1.132075011730194, "mass": 10000, "filename": "Bonsai-eb00c134f9934bce864a9cf597bfde08.glb", "foldername": null, "CLASS_NAME": "Bonsai-eb00c134f9934bce864a9cf597bfde08.glb", "hshift": 45.0, "pos0": -0.0026073455810546875, "pos1": 0.09985734664764756, "pos2": 0.4707560627674745, "scale": 0.2, "is_building": false, "general": {"length": 1.457261562347412, "width": 1.3184638619422913, "height": 1.132075011730194, "bounding_box": [[0.728630781173706, 0.7721951007843018], [0.728630781173706, -0.5462687611579895], [-0.728630781173706, -0.5462687611579895], [-0.728630781173706, 0.7721951007843018]], "center": [0.0, 0.11296316981315613], "color": "Brown", "general_type": "plant", "detail_type": "Bonsai"}}