{"length": 4.0201733112335205, "width": 4.034763932228088, "height": 7.0763895362615585, "mass": 10000, "filename": "Tree-344718eb9a83419e9f816253edcf3b7b.glb", "foldername": null, "CLASS_NAME": "Tree-344718eb9a83419e9f816253edcf3b7b.glb", "hshift": 0, "pos0": 0, "pos1": 0, "pos2": 0, "scale": 0.41037195994277537, "is_building": false, "general": {"length": 4.0201733112335205, "width": 4.034763932228088, "height": 7.0763895362615585, "bounding_box": [[1.5457484722137451, 0.7843691110610962], [1.5457484722137451, -3.250394821166992], [-2.4744248390197754, -3.250394821166992], [-2.4744248390197754, 0.7843691110610962]], "center": [-0.46433818340301514, -1.233012855052948], "color": "Brown", "general_type": "plant", "detail_type": "Tree"}}