{"length": 6.731657981872559, "width": 5.709880113601685, "height": 7.5651111751794815, "mass": 10000, "filename": "Tree-80c6afd83fcd496fb779c19a07335575.glb", "foldername": null, "CLASS_NAME": "Tree-80c6afd83fcd496fb779c19a07335575.glb", "hshift": 0, "pos0": 0.014265335235377208, "pos1": -0.014265335235378984, "pos2": 0, "scale": 2.355035765379113, "is_building": false, "general": {"length": 6.731657981872559, "width": 5.709880113601685, "height": 7.5651111751794815, "bounding_box": [[3.764026165008545, 2.1510989665985107], [3.764026165008545, -3.558781147003174], [-2.9676318168640137, -3.558781147003174], [-2.9676318168640137, 2.1510989665985107]], "center": [0.3981971740722656, -0.7038410902023315], "color": "Green", "general_type": "plant", "detail_type": "Tree"}}