{"length": 0.8898416757583618, "width": 0.41978617012500763, "height": 1.1226286890450865, "mass": 10000, "filename": "Bonsai-c3cbe3fb33b0469c8e5566345a02e498.glb", "foldername": null, "CLASS_NAME": "Bonsai-c3cbe3fb33b0469c8e5566345a02e498.glb", "hshift": 0, "pos0": 0, "pos1": 0, "pos2": 0, "scale": 0.06922962962962963, "is_building": false, "general": {"length": 0.8898416757583618, "width": 0.41978617012500763, "height": 1.1226286890450865, "bounding_box": [[0.5551087260246277, 0.20831528306007385], [0.5551087260246277, -0.21147088706493378], [-0.33473294973373413, -0.21147088706493378], [-0.33473294973373413, 0.20831528306007385]], "center": [0.11018788814544678, -0.0015778020024299622], "color": "Brown", "general_type": "plant", "detail_type": "Bonsai"}}