{"length": 1.2268043756484985, "width": 0.5930669605731964, "height": 1.4039079621434212, "mass": 10000, "filename": "Bonsai-46ceadbb01a94fcb93076c19c29e228c.glb", "foldername": null, "CLASS_NAME": "Bonsai-46ceadbb01a94fcb93076c19c29e228c.glb", "hshift": 0, "pos0": 0, "pos1": 0, "pos2": 0, "scale": 0.09884444444444443, "is_building": false, "general": {"length": 1.2268043756484985, "width": 0.5930669605731964, "height": 1.4039079621434212, "bounding_box": [[0.71734219789505, 0.2965335249900818], [0.71734219789505, -0.2965334355831146], [-0.5094621777534485, -0.2965334355831146], [-0.5094621777534485, 0.2965335249900818]], "center": [0.10394001007080078, 4.470348358154297e-08], "color": "Brown", "general_type": "plant", "detail_type": "Bonsai"}}