{"length": 1.7592172622680664, "width": 0.6029706001281738, "height": 1.4651637878268957, "mass": 10000, "filename": "Bonsai-320fe1e4ba8c442f84cb94e833935944.glb", "foldername": null, "CLASS_NAME": "Bonsai-320fe1e4ba8c442f84cb94e833935944.glb", "hshift": 0, "pos0": 0.27662327885627747, "pos1": -0.0729307234287262, "pos2": 0, "scale": 0.12845925925925925, "is_building": false, "general": {"length": 1.7592172622680664, "width": 0.6029706001281738, "height": 1.4651637878268957, "bounding_box": [[0.8796086311340332, 0.3014853000640869], [0.8796086311340332, -0.3014853000640869], [-0.8796086311340332, -0.3014853000640869], [-0.8796086311340332, 0.3014853000640869]], "center": [0.0, 0.0], "color": "Brown", "general_type": "plant", "detail_type": "Bonsai"}}