{"length": 7.133077383041382, "width": 7.139533281326294, "height": 8.986726388335228, "mass": 10000, "filename": "Tree-60cee0b63e4742d2a904d63609870621.glb", "foldername": null, "CLASS_NAME": "Tree-60cee0b63e4742d2a904d63609870621.glb", "hshift": 0, "pos0": 0, "pos1": 0, "pos2": 0, "scale": 1.72587982832618, "is_building": false, "general": {"length": 7.133077383041382, "width": 7.139533281326294, "height": 8.986726388335228, "bounding_box": [[3.896259307861328, 3.2347476482391357], [3.896259307861328, -3.904785633087158], [-3.2368180751800537, -3.904785633087158], [-3.2368180751800537, 3.2347476482391357]], "center": [0.3297206163406372, -0.33501899242401123], "color": "Green", "general_type": "plant", "detail_type": "Tree"}}