{"length": 2.6087756156921387, "width": 2.676424264907837, "height": 1.8602447994053364, "mass": 10000, "filename": "Vegetation-3bf353171e7e48b4a50861f908f05be7.glb", "foldername": null, "CLASS_NAME": "Vegetation-3bf353171e7e48b4a50861f908f05be7.glb", "hshift": 0, "pos0": 0.014128386974334717, "pos1": -0.04435598850250244, "pos2": 0, "scale": 7.2863390249501485, "general": {"length": 2.6087756156921387, "width": 2.676424264907837, "height": 1.8602447994053364, "bounding_box": [[1.3043878078460693, 1.3382121324539185], [1.3043878078460693, -1.3382121324539185], [-1.3043878078460693, -1.3382121324539185], [-1.3043878078460693, 1.3382121324539185]], "center": [0.0, 0.0], "color": "Green", "general_type": "plant", "detail_type": "Vegetation"}}