{"length": 1.0462226867675781, "width": 1.0828527808189392, "height": 1.3892831206321716, "mass": 10000, "filename": "Bonsai-2be632cc7f36409f9595a9e62f85ef10.glb", "foldername": null, "CLASS_NAME": "Bonsai-2be632cc7f36409f9595a9e62f85ef10.glb", "hshift": 0, "pos0": 0.21942707896232605, "pos1": -0.7349875345826149, "pos2": 0, "scale": 0.2469185185185185, "is_building": false, "general": {"length": 1.0462226867675781, "width": 1.0828527808189392, "height": 1.3892831206321716, "bounding_box": [[0.5231113433837891, 0.5414263606071472], [0.5231113433837891, -0.541426420211792], [-0.5231113433837891, -0.541426420211792], [-0.5231113433837891, 0.5414263606071472]], "center": [0.0, -2.9802322387695312e-08], "color": "White", "general_type": "plant", "detail_type": "Bonsai"}}