{"length": 0.44367557764053345, "width": 1.703719437122345, "height": 1.5953723788261414, "mass": 10000, "filename": "Bonsai-88a12f46479c40079b33cdba39362400.glb", "foldername": null, "CLASS_NAME": "Bonsai-88a12f46479c40079b33cdba39362400.glb", "hshift": 90.0, "pos0": 0.08593157678842545, "pos1": 0.014265335235377208, "pos2": 0.25, "scale": 0.1, "is_building": false, "general": {"length": 0.44367557764053345, "width": 1.703719437122345, "height": 1.5953723788261414, "bounding_box": [[0.22183778882026672, 0.6818971037864685], [0.22183778882026672, -1.0218223333358765], [-0.22183778882026672, -1.0218223333358765], [-0.22183778882026672, 0.6818971037864685]], "center": [0.0, -0.16996261477470398], "color": "Brown", "general_type": "plant", "detail_type": "Bonsai"}}