{"length": 4.797929763793945, "width": 4.60389256477356, "height": 7.135174036026001, "mass": 10000, "filename": "Tree-75e82512822841d9b758d26f56da4cb4.glb", "foldername": null, "CLASS_NAME": "Tree-75e82512822841d9b758d26f56da4cb4.glb", "hshift": 0, "pos0": -0.055394887924194336, "pos1": 0.05399763584136963, "pos2": 0, "scale": 0.12439198855507867, "is_building": false, "general": {"length": 4.797929763793945, "width": 4.60389256477356, "height": 7.135174036026001, "bounding_box": [[2.3989648818969727, 2.3019464015960693], [2.3989648818969727, -2.3019461631774902], [-2.3989648818969727, -2.3019461631774902], [-2.3989648818969727, 2.3019464015960693]], "center": [0.0, 1.1920928955078125e-07], "color": "Gray", "general_type": "plant", "detail_type": "Tree"}}