{"length": 3.972870349884033, "width": 3.2285056114196777, "height": 7.195313990116119, "mass": 10000, "filename": "Tree-ad86036d9df24e60b53ce7b53dc551dd.glb", "foldername": null, "CLASS_NAME": "Tree-ad86036d9df24e60b53ce7b53dc551dd.glb", "hshift": 0, "pos0": 0.07132667617689137, "pos1": -0.0427960057061334, "pos2": 0, "scale": 1.8974678111587984, "is_building": false, "general": {"length": 3.972870349884033, "width": 3.2285056114196777, "height": 7.195313990116119, "bounding_box": [[2.130371332168579, 1.312793254852295], [2.130371332168579, -1.9157123565673828], [-1.842499017715454, -1.9157123565673828], [-1.842499017715454, 1.312793254852295]], "center": [0.1439361572265625, -0.30145955085754395], "color": "Orange", "general_type": "plant", "detail_type": "Tree"}}