{"length": 3.4137707948684692, "width": 4.1613359451293945, "height": 11.15139377117157, "mass": 10000, "filename": "Tree-c529315762d04ae5878daddf1cd5489c.glb", "foldername": null, "CLASS_NAME": "Tree-c529315762d04ae5878daddf1cd5489c.glb", "hshift": 0, "pos0": -10.692651808261871, "pos1": 0.879541277885437, "pos2": 0, "scale": 0.181587982832618, "is_building": false, "general": {"length": 3.4137707948684692, "width": 4.1613359451293945, "height": 11.15139377117157, "bounding_box": [[1.7068850994110107, 2.0806679725646973], [1.7068850994110107, -2.0806679725646973], [-1.7068856954574585, -2.0806679725646973], [-1.7068856954574585, 2.0806679725646973]], "center": [-2.980232238769531e-07, 0.0], "color": "White", "general_type": "plant", "detail_type": "Tree"}}