{"length": 6.285881996154785, "width": 5.758572101593018, "height": 8.577455762048203, "mass": 10000, "filename": "Tree-66075081e89f41f993161218dce12c64.glb", "foldername": null, "CLASS_NAME": "Tree-66075081e89f41f993161218dce12c64.glb", "hshift": 0, "pos0": 0, "pos1": 0, "pos2": 0, "scale": 1, "is_building": false, "general": {"length": 6.285881996154785, "width": 5.758572101593018, "height": 8.577455762048203, "bounding_box": [[3.0328142642974854, 2.8103976249694824], [3.0328142642974854, -2.948174476623535], [-3.2530677318573, -2.948174476623535], [-3.2530677318573, 2.8103976249694824]], "center": [-0.11012673377990723, -0.06888842582702637], "color": "Green", "general_type": "plant", "detail_type": "Tree"}}