{"length": 7.413043975830078, "width": 7.973436117172241, "height": 10.344858020544052, "mass": 10000, "filename": "Tree-43e343d8c83f4c0d8c7424e43edbf5c9.glb", "foldername": null, "CLASS_NAME": "Tree-43e343d8c83f4c0d8c7424e43edbf5c9.glb", "hshift": 0, "pos0": 0, "pos1": 0, "pos2": 0, "scale": 1.640085836909871, "is_building": false, "general": {"length": 7.413043975830078, "width": 7.973436117172241, "height": 10.344858020544052, "bounding_box": [[3.702247142791748, 3.618947744369507], [3.702247142791748, -4.354488372802734], [-3.71079683303833, -4.354488372802734], [-3.71079683303833, 3.618947744369507]], "center": [-0.004274845123291016, -0.36777031421661377], "color": "Gray", "general_type": "plant", "detail_type": "Tree"}}