{"length": 2, "width": 2, "height": 2, "filename": "Vegetation-6c2980169c1e44e499d94a67c1752477.glb", "foldername": null, "CLASS_NAME": "Vegetation-6c2980169c1e44e499d94a67c1752477.glb", "hshift": 0, "pos0": 0.015270233154296875, "pos1": 1.3429794311523438, "pos2": 0, "scale": 1, "general": {"length": 24.596397399902344, "width": 24.596397399902344, "bounding_box": [[12.298198699951172, 12.298198699951172], [12.298198699951172, -12.298198699951172], [-12.298198699951172, -12.298198699951172], [-12.298198699951172, 12.298198699951172]], "center": [0.0, 0.0], "color": "Green", "general_type": "plant", "detail_type": "Vegetation"}}