{"length": 8.57033920288086, "width": 9.37812614440918, "height": 9.53513878583908, "mass": 10000, "filename": "Tree-0918412ae8ce463192b117e5b901c81c.glb", "foldername": null, "CLASS_NAME": "Tree-0918412ae8ce463192b117e5b901c81c.glb", "hshift": 0, "pos0": 0, "pos1": 0, "pos2": 0, "scale": 8.846781115879827, "is_building": false, "general": {"length": 8.57033920288086, "width": 9.37812614440918, "height": 9.53513878583908, "bounding_box": [[4.355303764343262, 4.894418239593506], [4.355303764343262, -4.483707904815674], [-4.215035438537598, -4.483707904815674], [-4.215035438537598, 4.894418239593506]], "center": [0.07013416290283203, 0.20535516738891602], "color": "Brown", "general_type": "plant", "detail_type": "Tree"}}