{"length": 0.3885967880487442, "width": 0.5878624618053436, "height": 0.7965280152857304, "mass": 10000, "filename": "Bag-1ac3789442f34d17a1605eb019eea9cc.glb", "foldername": null, "CLASS_NAME": "Bag-1ac3789442f34d17a1605eb019eea9cc.glb", "hshift": 79.74025974025977, "pos0": 0.0026714833248711045, "pos1": -0.06763145327568054, "pos2": 0.4136947218259639, "scale": 1.4970958512160228, "is_building": false, "general": {"length": 0.3885967880487442, "width": 0.5878624618053436, "height": 0.7965280152857304, "bounding_box": [[0.14197708666324615, 0.23629990220069885], [0.14197708666324615, -0.3515625596046448], [-0.24661970138549805, -0.3515625596046448], [-0.24661970138549805, 0.23629990220069885]], "center": [-0.052321307361125946, -0.05763132870197296], "color": "Orange", "general_type": "random", "detail_type": "Bag"}}