{"length": 1.4690483808517456, "width": 1.4690486192703247, "height": 0.918155519595544, "mass": 10000, "filename": "Table-b3f7a53841c1489ea57ebbd7c1673627.glb", "foldername": null, "CLASS_NAME": "Table-b3f7a53841c1489ea57ebbd7c1673627.glb", "hshift": 0, "pos0": 0, "pos1": 0, "pos2": 0, "scale": 1.2242074074074074, "is_building": false, "general": {"length": 1.4690483808517456, "width": 1.4690486192703247, "height": 0.918155519595544, "bounding_box": [[0.7345241904258728, 0.7345243692398071], [0.7345241904258728, -0.7345242500305176], [-0.7345241904258728, -0.7345242500305176], [-0.7345241904258728, 0.7345243692398071]], "center": [0.0, 5.960464477539063e-08], "color": "Brown", "general_type": "random", "detail_type": "Table"}}