{"length": 0.3188415765762329, "width": 0.4005906879901886, "height": 0.6236845850944519, "mass": 10000, "filename": "Bag-f6e6bac42c114f39b07f918ac16a355a.glb", "foldername": null, "CLASS_NAME": "Bag-f6e6bac42c114f39b07f918ac16a355a.glb", "hshift": 0, "pos0": 0.023513317108154297, "pos1": 0.0, "pos2": 0.29957203994293913, "scale": 1.296909871244635, "is_building": false, "general": {"length": 0.3188415765762329, "width": 0.4005906879901886, "height": 0.6236845850944519, "bounding_box": [[0.15942078828811646, 0.2002953439950943], [0.15942078828811646, -0.2002953439950943], [-0.15942078828811646, -0.2002953439950943], [-0.15942078828811646, 0.2002953439950943]], "center": [0.0, 0.0], "color": "Purple", "general_type": "random", "detail_type": "Bag"}}