{"length": 1.999999761581421, "width": 0.9999999403953552, "height": 1.1999999284744263, "mass": 10000, "filename": "Table-0d5aacbd6a3d469eaf6af26abbeb7a73.glb", "foldername": null, "CLASS_NAME": "Table-0d5aacbd6a3d469eaf6af26abbeb7a73.glb", "hshift": 0, "pos0": 0.0, "pos1": 0.0, "pos2": 0.5571847507331373, "scale": 1, "is_building": false, "general": {"length": 1.999999761581421, "width": 0.9999999403953552, "height": 1.1999999284744263, "bounding_box": [[0.9999998807907104, 0.4999999701976776], [0.9999998807907104, -0.4999999701976776], [-0.9999998807907104, -0.4999999701976776], [-0.9999998807907104, 0.4999999701976776]], "center": [0.0, 0.0], "color": "Brown", "general_type": "random", "detail_type": "Table"}}