{"length": 3.2618656158447266, "width": 1.4826669692993164, "height": 1.219948947429657, "mass": 10000, "filename": "Table-2fd3e9e09a96406889400ad024c8bc4e.glb", "foldername": null, "CLASS_NAME": "Table-2fd3e9e09a96406889400ad024c8bc4e.glb", "hshift": 0, "pos0": 0.0, "pos1": 0.0, "pos2": 0, "scale": 0.09884444444444443, "is_building": false, "general": {"length": 3.2618656158447266, "width": 1.4826669692993164, "height": 1.219948947429657, "bounding_box": [[1.6309328079223633, 0.7413334846496582], [1.6309328079223633, -0.7413334846496582], [-1.6309328079223633, -0.7413334846496582], [-1.6309328079223633, 0.7413334846496582]], "center": [0.0, 0.0], "color": "White", "general_type": "random", "detail_type": "Table"}}