{"length": 1.0667998790740967, "width": 2.1335997581481934, "height": 0.7683500051498413, "mass": 10000, "filename": "Table-c3fae288a3de45f89bee0d1bdfbfe675.glb", "foldername": null, "CLASS_NAME": "Table-c3fae288a3de45f89bee0d1bdfbfe675.glb", "hshift": 0, "pos0": 1.195073127746582e-05, "pos1": -2.5033950805664062e-06, "pos2": 0.5278592375366564, "scale": 1, "is_building": false, "general": {"length": 1.0667998790740967, "width": 2.1335997581481934, "height": 0.7683500051498413, "bounding_box": [[0.5333999395370483, 1.0667998790740967], [0.5333999395370483, -1.0667998790740967], [-0.5333999395370483, -1.0667998790740967], [-0.5333999395370483, 1.0667998790740967]], "center": [0.0, 0.0], "color": "White", "general_type": "random", "detail_type": "Table"}}