{"length": 1.8797330260276794, "width": 1.1412665247917175, "height": 0.9667198937386274, "mass": 10000, "filename": "Table-64f3b95d38044fcc966a6d92ea3a36b2.glb", "foldername": null, "CLASS_NAME": "Table-64f3b95d38044fcc966a6d92ea3a36b2.glb", "hshift": 0, "pos0": 0.07612502574920654, "pos1": -0.7983042448759079, "pos2": -0.029325513196480912, "scale": 1.3426666666666665, "is_building": false, "general": {"length": 1.8797330260276794, "width": 1.1412665247917175, "height": 0.9667198937386274, "bounding_box": [[0.9398665428161621, 0.5706332325935364], [0.9398665428161621, -0.5706332921981812], [-0.9398664832115173, -0.5706332921981812], [-0.9398664832115173, 0.5706332325935364]], "center": [2.9802322387695312e-08, -2.9802322387695312e-08], "color": "Brown", "general_type": "random", "detail_type": "Table"}}