{"length": 0.3095434010028839, "width": 0.5525403022766113, "height": 0.5911985337734222, "mass": 10000, "filename": "Bag-0628ce6bd62b4daea54ccea1cac16787.glb", "foldername": null, "CLASS_NAME": "Bag-0628ce6bd62b4daea54ccea1cac16787.glb", "hshift": 0, "pos0": 0.00021721422672271729, "pos1": -0.00464966893196106, "pos2": 0, "scale": 0.267381974248927, "is_building": false, "general": {"length": 0.3095434010028839, "width": 0.5525403022766113, "height": 0.5911985337734222, "bounding_box": [[0.15477170050144196, 0.27627015113830566], [0.15477170050144196, -0.27627015113830566], [-0.15477170050144196, -0.27627015113830566], [-0.15477170050144196, 0.27627015113830566]], "center": [0.0, 0.0], "color": "White", "general_type": "random", "detail_type": "Bag"}}