{"length": 4.18437385559082, "width": 2.8384413719177246, "height": 2.2745500737801194, "mass": 10000, "filename": "Tents-fa46028e8d3849399ba5271df07ed99c.glb", "foldername": null, "CLASS_NAME": "Tents-fa46028e8d3849399ba5271df07ed99c.glb", "hshift": 0, "pos0": -0.006361961364746094, "pos1": 0.05561673641204834, "pos2": 0, "scale": 0.01, "is_building": false, "general": {"length": 4.18437385559082, "width": 2.8384413719177246, "height": 2.2745500737801194, "bounding_box": [[2.09218692779541, 1.4192206859588623], [2.09218692779541, -1.4192206859588623], [-2.09218692779541, -1.4192206859588623], [-2.09218692779541, 1.4192206859588623]], "center": [0.0, 0.0], "color": "Gray", "general_type": "random", "detail_type": "Tents"}}