{"length": 1.3574162721633911, "width": 1.357416570186615, "height": 1.1106133580788224, "mass": 10000, "filename": "Table-77ec465b45574d12bf527a26ece473e8.glb", "foldername": null, "CLASS_NAME": "Table-77ec465b45574d12bf527a26ece473e8.glb", "hshift": 0, "pos0": 0, "pos1": 0, "pos2": 0, "scale": 2.4680296296296294, "is_building": false, "general": {"length": 1.3574162721633911, "width": 1.357416570186615, "height": 1.1106133580788224, "bounding_box": [[0.6787080764770508, 0.6787083745002747], [0.6787080764770508, -0.6787081956863403], [-0.6787081956863403, -0.6787081956863403], [-0.6787081956863403, 0.6787083745002747]], "center": [-5.960464477539063e-08, 8.940696716308594e-08], "color": "Brown", "general_type": "random", "detail_type": "Table"}}