{"length": 2.2114980220794678, "width": 1.1057480573654175, "height": 0.889957360457629, "mass": 10000, "filename": "Table-449a87e7751b4a478188d461a277ac7d.glb", "foldername": null, "CLASS_NAME": "Table-449a87e7751b4a478188d461a277ac7d.glb", "hshift": 0, "pos0": 0.003083944320678711, "pos1": -0.0017183423042297363, "pos2": 0, "scale": 1.1057481481481481, "is_building": false, "general": {"length": 2.2114980220794678, "width": 1.1057480573654175, "height": 0.889957360457629, "bounding_box": [[1.1057490110397339, 0.5528740286827087], [1.1057490110397339, -0.5528740286827087], [-1.1057490110397339, -0.5528740286827087], [-1.1057490110397339, 0.5528740286827087]], "center": [0.0, 0.0], "color": "Brown", "general_type": "random", "detail_type": "Table"}}