{"length": 0.289313405752182, "width": 0.4347512722015381, "height": 0.4989018440246582, "mass": 10000, "filename": "Bag-56750bf94c9d4ae283cd94fd539dcca8.glb", "foldername": null, "CLASS_NAME": "Bag-56750bf94c9d4ae283cd94fd539dcca8.glb", "hshift": 90.0, "pos0": -0.029755577445030212, "pos1": 0.07577389478683472, "pos2": 0, "scale": 1.0681258941344778, "is_building": false, "general": {"length": 0.289313405752182, "width": 0.4347512722015381, "height": 0.4989018440246582, "bounding_box": [[0.144656702876091, 0.21737563610076904], [0.144656702876091, -0.21737563610076904], [-0.144656702876091, -0.21737563610076904], [-0.144656702876091, 0.21737563610076904]], "center": [0.0, 0.0], "color": "Brown", "general_type": "random", "detail_type": "Bag"}}