{"length": 0.521211713552475, "width": 0.5465706586837769, "height": 0.7274740636348724, "mass": 10000, "filename": "Bag-b8037798633640e7bf040aac16ea8d45.glb", "foldername": null, "CLASS_NAME": "Bag-b8037798633640e7bf040aac16ea8d45.glb", "hshift": 156.6233766233766, "pos0": -0.4881264716386795, "pos1": -1.0729088187217712, "pos2": 0, "scale": 0.2101859799713877, "is_building": false, "general": {"length": 0.521211713552475, "width": 0.5465706586837769, "height": 0.7274740636348724, "bounding_box": [[0.2606058716773987, 0.27328526973724365], [0.2606058716773987, -0.2732853889465332], [-0.2606058418750763, -0.2732853889465332], [-0.2606058418750763, 0.27328526973724365]], "center": [1.4901161193847656e-08, -5.960464477539063e-08], "color": "Brown", "general_type": "random", "detail_type": "Bag"}}