{"length": 2.1699581146240234, "width": 1.0849791765213013, "height": 1.162477731704712, "mass": 10000, "filename": "Table-f7e53de4e34a440e917061333b02e292.glb", "foldername": null, "CLASS_NAME": "Table-f7e53de4e34a440e917061333b02e292.glb", "hshift": 0, "pos0": 0.0, "pos1": 0.0, "pos2": 0, "scale": 1.5499703703703704, "is_building": false, "general": {"length": 2.1699581146240234, "width": 1.0849791765213013, "height": 1.162477731704712, "bounding_box": [[1.0849790573120117, 0.5424895882606506], [1.0849790573120117, -0.5424895882606506], [-1.0849790573120117, -0.5424895882606506], [-1.0849790573120117, 0.5424895882606506]], "center": [0.0, 0.0], "color": "Brown", "general_type": "random", "detail_type": "Table"}}