{"length": 0.27098286151885986, "width": 0.6068301200866699, "height": 0.18507737293839455, "mass": 10000, "filename": "Bag-d5b3a043a2f04aae8f56439cb8aa2f19.glb", "foldername": null, "CLASS_NAME": "Bag-d5b3a043a2f04aae8f56439cb8aa2f19.glb", "hshift": 0, "pos0": 0.005023933947086334, "pos1": 0.014786377549171448, "pos2": 0.0427960057061334, "scale": 0.095793991416309, "is_building": false, "general": {"length": 0.27098286151885986, "width": 0.6068301200866699, "height": 0.18507737293839455, "bounding_box": [[0.13549143075942993, 0.30341506004333496], [0.13549143075942993, -0.30341506004333496], [-0.13549143075942993, -0.30341506004333496], [-0.13549143075942993, 0.30341506004333496]], "center": [0.0, 0.0], "color": "Green", "general_type": "random", "detail_type": "Bag"}}