{"length": 0.15698380023241043, "width": 0.5515761971473694, "height": 0.6052797441370785, "mass": 10000, "filename": "Bag-888947939fb743fd9cea71a2a5c07684.glb", "foldername": null, "CLASS_NAME": "Bag-888947939fb743fd9cea71a2a5c07684.glb", "hshift": 0.0, "pos0": -0.0026837624609470367, "pos1": -0.001123666763305664, "pos2": 0, "scale": 0.0015, "is_building": false, "general": {"length": 0.15698380023241043, "width": 0.5515761971473694, "height": 0.6052797441370785, "bounding_box": [[0.07849189639091492, 0.2757880985736847], [0.07849189639091492, -0.2757880985736847], [-0.07849190384149551, -0.2757880985736847], [-0.07849190384149551, 0.2757880985736847]], "center": [-3.725290298461914e-09, 0.0], "color": "Brown", "general_type": "random", "detail_type": "Bag"}}