{"length": 2.2114195823669434, "width": 1.1846895217895508, "height": 1.1530979871749878, "mass": 10000, "filename": "Table-c165c5f8589346108f554f934b5f6eae.glb", "foldername": null, "CLASS_NAME": "Table-c165c5f8589346108f554f934b5f6eae.glb", "hshift": 0, "pos0": 2.384185791015625e-07, "pos1": 0.0, "pos2": -0.11730205278592365, "scale": 1.579585185185185, "is_building": false, "general": {"length": 2.2114195823669434, "width": 1.1846895217895508, "height": 1.1530979871749878, "bounding_box": [[1.1057097911834717, 0.5923447608947754], [1.1057097911834717, -0.5923447608947754], [-1.1057097911834717, -0.5923447608947754], [-1.1057097911834717, 0.5923447608947754]], "center": [0.0, 0.0], "color": "Brown", "general_type": "random", "detail_type": "Table"}}