{"length": 1.1047002077102661, "width": 1.9353481531143188, "height": 1.1554260812699795, "mass": 10000, "filename": "Table-83060b5cbc0d459d835a27a2c2139918.glb", "foldername": null, "CLASS_NAME": "Table-83060b5cbc0d459d835a27a2c2139918.glb", "hshift": 0, "pos0": 1.7881393432617188e-07, "pos1": 0.0, "pos2": 0, "scale": 0.483837037037037, "is_building": false, "general": {"length": 1.1047002077102661, "width": 1.9353481531143188, "height": 1.1554260812699795, "bounding_box": [[0.5523501038551331, 0.9676740765571594], [0.5523501038551331, -0.9676740765571594], [-0.5523501038551331, -0.9676740765571594], [-0.5523501038551331, 0.9676740765571594]], "center": [0.0, 0.0], "color": "Brown", "general_type": "random", "detail_type": "Table"}}