{"length": 1.999999761581421, "width": 1.932325839996338, "height": 1.2163598537445068, "mass": 10000, "filename": "Tents-70a8f7db5f724989a035166b79ace87b.glb", "foldername": null, "CLASS_NAME": "Tents-70a8f7db5f724989a035166b79ace87b.glb", "hshift": 0, "pos0": 0.0, "pos1": 0.0, "pos2": 0.6, "scale": 1, "is_building": false, "general": {"length": 1.999999761581421, "width": 1.932325839996338, "height": 1.2163598537445068, "bounding_box": [[0.9999998807907104, 0.966162919998169], [0.9999998807907104, -0.966162919998169], [-0.9999998807907104, -0.966162919998169], [-0.9999998807907104, 0.966162919998169]], "center": [0.0, 0.0], "color": "Brown", "general_type": "random", "detail_type": "Tents"}}