{"length": 1.565079927444458, "width": 2.307457447052002, "height": 1.2227741486858577, "mass": 10000, "filename": "Tents-506852e74b4e418eb5cd2fb2d996c282.glb", "foldername": null, "CLASS_NAME": "Tents-506852e74b4e418eb5cd2fb2d996c282.glb", "hshift": 0, "pos0": -0.013282328844070435, "pos1": 0.007584512233734131, "pos2": 0, "scale": 1, "is_building": false, "general": {"length": 1.565079927444458, "width": 2.307457447052002, "height": 1.2227741486858577, "bounding_box": [[0.782539963722229, 1.153728723526001], [0.782539963722229, -1.153728723526001], [-0.782539963722229, -1.153728723526001], [-0.782539963722229, 1.153728723526001]], "center": [0.0, 0.0], "color": "Gray", "general_type": "random", "detail_type": "Tents"}}