{"length": 1.5203553438186646, "width": 0.9122132062911987, "height": 1.1098595261573792, "mass": 10000, "filename": "Table-6dd3f4d2bace4996bee47d8e76f6e4f9.glb", "foldername": null, "CLASS_NAME": "Table-6dd3f4d2bace4996bee47d8e76f6e4f9.glb", "hshift": 0, "pos0": 0.0, "pos1": 0.0, "pos2": 0, "scale": 1.5203555555555555, "is_building": false, "general": {"length": 1.5203553438186646, "width": 0.9122132062911987, "height": 1.1098595261573792, "bounding_box": [[0.7601776719093323, 0.45610660314559937], [0.7601776719093323, -0.45610660314559937], [-0.7601776719093323, -0.45610660314559937], [-0.7601776719093323, 0.45610660314559937]], "center": [0.0, 0.0], "color": "White", "general_type": "random", "detail_type": "Table"}}