{"length": 0.37303590774536133, "width": 0.645252138376236, "height": 0.7209525257349014, "mass": 10000, "filename": "Bag-16dfbfdf1d2a484eb7fd79bde1428c10.glb", "foldername": null, "CLASS_NAME": "Bag-16dfbfdf1d2a484eb7fd79bde1428c10.glb", "hshift": -91.16883116883118, "pos0": -0.010097920894622803, "pos1": -0.3917701095342636, "pos2": 0, "scale": 0.03859799713876967, "is_building": false, "general": {"length": 0.37303590774536133, "width": 0.645252138376236, "height": 0.7209525257349014, "bounding_box": [[0.18651795387268066, 0.3226260542869568], [0.18651795387268066, -0.3226260840892792], [-0.18651795387268066, -0.3226260840892792], [-0.18651795387268066, 0.3226260542869568]], "center": [0.0, -1.4901161193847656e-08], "color": "Brown", "general_type": "random", "detail_type": "Bag"}}