{"length": 1.5003280639648438, "width": 0.7503281831741333, "height": 0.7301639914512634, "mass": 10000, "filename": "Table-c23f24951e074990b36561a9b7e35d19.glb", "foldername": null, "CLASS_NAME": "Table-c23f24951e074990b36561a9b7e35d19.glb", "hshift": 0, "pos0": 0, "pos1": 0, "pos2": 0, "scale": 0.01, "is_building": false, "general": {"length": 1.5003280639648438, "width": 0.7503281831741333, "height": 0.7301639914512634, "bounding_box": [[0.7501640319824219, 0.37516409158706665], [0.7501640319824219, -0.37516409158706665], [-0.7501640319824219, -0.37516409158706665], [-0.7501640319824219, 0.37516409158706665]], "center": [0.0, 0.0], "color": "White", "general_type": "random", "detail_type": "Table"}}