{"length": 0.3459427058696747, "width": 0.7554404139518738, "height": 0.37454383075237274, "mass": 10000, "filename": "Bag-905a632ee2554ed18e14bbf37c2b9e56.glb", "foldername": null, "CLASS_NAME": "Bag-905a632ee2554ed18e14bbf37c2b9e56.glb", "hshift": 54.285714285714306, "pos0": 0, "pos1": 0, "pos2": 0.18544935805991436, "scale": 2.2692417739628037, "is_building": false, "general": {"length": 0.3459427058696747, "width": 0.7554404139518738, "height": 0.37454383075237274, "bounding_box": [[0.1699795424938202, 0.3733751177787781], [0.1699795424938202, -0.3820652961730957], [-0.1759631633758545, -0.3820652961730957], [-0.1759631633758545, 0.3733751177787781]], "center": [-0.002991810441017151, -0.0043450891971588135], "color": "Black", "general_type": "random", "detail_type": "Bag"}}