{"length": 2.1869606375694275, "width": 1.019747257232666, "height": 1.254539269700027, "mass": 10000, "filename": "Table-da86571d692442dc9e4ccbab60fdf81c.glb", "foldername": null, "CLASS_NAME": "Table-da86571d692442dc9e4ccbab60fdf81c.glb", "hshift": 0, "pos0": 0, "pos1": 0, "pos2": 0, "scale": 0.005, "is_building": false, "general": {"length": 2.1869606375694275, "width": 1.019747257232666, "height": 1.254539269700027, "bounding_box": [[1.3144452571868896, 0.4873223304748535], [1.3144452571868896, -0.5324249267578125], [-0.8725153803825378, -0.5324249267578125], [-0.8725153803825378, 0.4873223304748535]], "center": [0.2209649384021759, -0.022551298141479492], "color": "White", "general_type": "random", "detail_type": "Table"}}