{"length": 2.5199995040893555, "width": 1.1999996900558472, "height": 0.8400000973940678, "mass": 10000, "filename": "Table-3a3315f0198d4cd8b3c81cfef4d0efde.glb", "foldername": null, "CLASS_NAME": "Table-3a3315f0198d4cd8b3c81cfef4d0efde.glb", "hshift": 0, "pos0": 0, "pos1": 0, "pos2": 0, "scale": 1, "is_building": false, "general": {"length": 2.5199995040893555, "width": 1.1999996900558472, "height": 0.8400000973940678, "bounding_box": [[1.2599996328353882, 0.5999998450279236], [1.2599996328353882, -0.5999998450279236], [-1.2599998712539673, -0.5999998450279236], [-1.2599998712539673, 0.5999998450279236]], "center": [-1.1920928955078125e-07, 0.0], "color": "Brown", "general_type": "random", "detail_type": "Table"}}