{"length": 1.9626545906066895, "width": 0.9813271164894104, "height": 1.0514220901784768, "mass": 10000, "filename": "Table-7ebd8bc119ee4a14ab22f290670d10a2.glb", "foldername": null, "CLASS_NAME": "Table-7ebd8bc119ee4a14ab22f290670d10a2.glb", "hshift": 0, "pos0": 8.940696716308594e-08, "pos1": 0.0, "pos2": 0, "scale": 1.4018962962962962, "is_building": false, "general": {"length": 1.9626545906066895, "width": 0.9813271164894104, "height": 1.0514220901784768, "bounding_box": [[0.9813272953033447, 0.4906635582447052], [0.9813272953033447, -0.4906635582447052], [-0.9813272953033447, -0.4906635582447052], [-0.9813272953033447, 0.4906635582447052]], "center": [0.0, 0.0], "color": "Brown", "general_type": "random", "detail_type": "Table"}}