{"length": 1.9941918849945068, "width": 1.196515440940857, "height": 1.0024800896644592, "mass": 10000, "filename": "Table-9e3a6f37fca944359ac0deb1b32b1043.glb", "foldername": null, "CLASS_NAME": "Table-9e3a6f37fca944359ac0deb1b32b1043.glb", "hshift": 0, "pos0": 0, "pos1": 0, "pos2": 0, "scale": 1.9941925925925923, "is_building": false, "general": {"length": 1.9941918849945068, "width": 1.196515440940857, "height": 1.0024800896644592, "bounding_box": [[0.9970959424972534, 0.5982577204704285], [0.9970959424972534, -0.5982577204704285], [-0.9970959424972534, -0.5982577204704285], [-0.9970959424972534, 0.5982577204704285]], "center": [0.0, 0.0], "color": "White", "general_type": "random", "detail_type": "Table"}}