{"length": 0.5177074670791626, "width": 0.9272903800010681, "height": 0.4120144098997116, "mass": 10000, "filename": "Bag-0c32b5e717bd4a76a0420120f919e003.glb", "foldername": null, "CLASS_NAME": "Bag-0c32b5e717bd4a76a0420120f919e003.glb", "hshift": 89.61038961038957, "pos0": -0.03996233642101288, "pos1": -0.03936968743801117, "pos2": 0, "scale": 0.181587982832618, "is_building": false, "general": {"length": 0.5177074670791626, "width": 0.9272903800010681, "height": 0.4120144098997116, "bounding_box": [[0.2588537335395813, 0.46364516019821167], [0.2588537335395813, -0.46364521980285645], [-0.2588537335395813, -0.46364521980285645], [-0.2588537335395813, 0.46364516019821167]], "center": [0.0, -2.9802322387695312e-08], "color": "Black", "general_type": "random", "detail_type": "Bag"}}