{"length": 0.36479657888412476, "width": 0.68731689453125, "height": 0.6018692273646593, "mass": 10000, "filename": "Bag-45911c6ebebe483d8fe2d10635b238ca.glb", "foldername": null, "CLASS_NAME": "Bag-45911c6ebebe483d8fe2d10635b238ca.glb", "hshift": -85.97402597402598, "pos0": -0.004468053579330444, "pos1": -0.0008413791656494141, "pos2": 0, "scale": 2.069055793991416, "is_building": false, "general": {"length": 0.36479657888412476, "width": 0.68731689453125, "height": 0.6018692273646593, "bounding_box": [[0.18239828944206238, 0.343658447265625], [0.18239828944206238, -0.343658447265625], [-0.18239828944206238, -0.343658447265625], [-0.18239828944206238, 0.343658447265625]], "center": [0.0, 0.0], "color": "Gray", "general_type": "random", "detail_type": "Bag"}}