{"length": 1.7553507089614868, "width": 0.877675473690033, "height": 0.9403666853904724, "mass": 10000, "filename": "Table-0a747dd101d24ac9bea930d4c00fc61b.glb", "foldername": null, "CLASS_NAME": "Table-0a747dd101d24ac9bea930d4c00fc61b.glb", "hshift": 0, "pos0": 0, "pos1": 0, "pos2": 0, "scale": 1.2538222222222222, "is_building": false, "general": {"length": 1.7553507089614868, "width": 0.877675473690033, "height": 0.9403666853904724, "bounding_box": [[0.8776753544807434, 0.4388377368450165], [0.8776753544807434, -0.4388377368450165], [-0.8776753544807434, -0.4388377368450165], [-0.8776753544807434, 0.4388377368450165]], "center": [0.0, 0.0], "color": "White", "general_type": "random", "detail_type": "Table"}}