{"length": 0.6957471072673798, "width": 0.7236146330833435, "height": 0.4423193009570241, "mass": 10000, "filename": "Bag-25f768edfd9245f0b018d40fa72c686e.glb", "foldername": null, "CLASS_NAME": "Bag-25f768edfd9245f0b018d40fa72c686e.glb", "hshift": -87.01298701298701, "pos0": 0, "pos1": 0, "pos2": 0, "scale": 2.784005722460658, "is_building": false, "general": {"length": 0.6957471072673798, "width": 0.7236146330833435, "height": 0.4423193009570241, "bounding_box": [[0.15579530596733093, 0.36181068420410156], [0.15579530596733093, -0.36180394887924194], [-0.5399518013000488, -0.36180394887924194], [-0.5399518013000488, 0.36181068420410156]], "center": [-0.19207824766635895, 3.3676624298095703e-06], "color": "Brown", "general_type": "random", "detail_type": "Bag"}}