{"length": 3.055023670196533, "width": 1.5916306972503662, "height": 1.232365608215332, "mass": 10000, "filename": "Table-fb2f8f65156e45fc88d0adffe021f6ab.glb", "foldername": null, "CLASS_NAME": "Table-fb2f8f65156e45fc88d0adffe021f6ab.glb", "hshift": 0, "pos0": 0.07355493307113647, "pos1": 0.0, "pos2": 1.1143695014662747, "scale": 1.6092, "is_building": false, "general": {"length": 3.055023670196533, "width": 1.5916306972503662, "height": 1.232365608215332, "bounding_box": [[1.5275118350982666, 0.7958153486251831], [1.5275118350982666, -0.7958153486251831], [-1.5275118350982666, -0.7958153486251831], [-1.5275118350982666, 0.7958153486251831]], "center": [0.0, 0.0], "color": "Brown", "general_type": "random", "detail_type": "Table"}}