{"length": 1.3844426274299622, "width": 0.6075642108917236, "height": 0.8029178082942963, "mass": 10000, "filename": "robot_dog-003.glb", "foldername": null, "CLASS_NAME": "robot_dog-003.glb", "hshift": 180.0, "pos0": 0, "pos1": 0, "pos2": 0, "scale": 2.5, "is_building": false, "general": {"length": 1.3844426274299622, "width": 0.6075642108917236, "height": 0.8029178082942963, "bounding_box": [[0.6036596894264221, 0.306615948677063], [0.6036596894264221, -0.30094826221466064], [-0.78078293800354, -0.30094826221466064], [-0.78078293800354, 0.306615948677063]], "center": [-0.08856162428855896, 0.002833843231201172], "color": "Yellow", "general_type": "robots", "detail_type": "robotdog"}}