{"length": 0.9446124732494354, "width": 0.8684106767177582, "height": 1.3329885434359312, "mass": 10000, "filename": "deliberyrobot-002.glb", "foldername": null, "CLASS_NAME": "deliberyrobot-002.glb", "hshift": 90.0, "pos0": 0, "pos1": 0, "pos2": 0, "scale": 0.15, "is_building": false, "general": {"length": 0.9446124732494354, "width": 0.8684106767177582, "height": 1.3329885434359312, "bounding_box": [[0.47622916102409363, 0.4251742362976074], [0.47622916102409363, -0.44323644042015076], [-0.4683833122253418, -0.44323644042015076], [-0.4683833122253418, 0.4251742362976074]], "center": [0.0039229243993759155, -0.009031102061271667], "color": "White", "general_type": "robots", "detail_type": "deliveryrobot"}}