{"length": 1.1644686460494995, "width": 0.8175339102745056, "height": 1.656585693359375, "mass": 10000, "filename": "deliveryrobot-001.glb", "foldername": null, "CLASS_NAME": "deliveryrobot-001.glb", "hshift": 0, "pos0": 0, "pos1": 0, "pos2": 0, "scale": 0.6, "is_building": false, "general": {"length": 1.1644686460494995, "width": 0.8175339102745056, "height": 1.656585693359375, "bounding_box": [[0.5315754413604736, 0.40876689553260803], [0.5315754413604736, -0.4087670147418976], [-0.6328932046890259, -0.4087670147418976], [-0.6328932046890259, 0.40876689553260803]], "center": [-0.05065888166427612, -5.960464477539063e-08], "color": "Black", "general_type": "robots", "detail_type": "deliveryrobot"}}