{"length": 1.3786694407463074, "width": 0.613337367773056, "height": 0.8781296908855438, "mass": 10000, "filename": "robot_dog-005.glb", "foldername": null, "CLASS_NAME": "robot_dog-005.glb", "hshift": 270.0, "pos0": 0, "pos1": 0, "pos2": 0, "scale": 0.33508591299655116, "is_building": false, "general": {"length": 1.3786694407463074, "width": 0.613337367773056, "height": 0.8781296908855438, "bounding_box": [[0.6754555106163025, 0.306668758392334], [0.6754555106163025, -0.30666860938072205], [-0.7032139301300049, -0.30666860938072205], [-0.7032139301300049, 0.306668758392334]], "center": [-0.013879209756851196, 7.450580596923828e-08], "color": "Black", "general_type": "robots", "detail_type": "robotdog"}}