{"length": 0.8238770663738251, "width": 1.1522085666656494, "height": 2.04766146466136, "mass": 10000, "filename": "Vending_machine-5140ea570e8c42018bf5180549f97a30.glb", "foldername": null, "CLASS_NAME": "Vending_machine-5140ea570e8c42018bf5180549f97a30.glb", "hshift": 0.0, "pos0": -0.009161189198493958, "pos1": 0.008639127016067505, "pos2": 0, "scale": 0.85, "is_building": false, "general": {"length": 0.8238770663738251, "width": 1.1522085666656494, "height": 2.04766146466136, "bounding_box": [[0.41193851828575134, 0.5761042833328247], [0.41193851828575134, -0.5761042833328247], [-0.41193854808807373, -0.5761042833328247], [-0.41193854808807373, 0.5761042833328247]], "center": [-1.4901161193847656e-08, 0.0], "color": "Black", "general_type": "structures", "detail_type": "Vending_machine"}}