{"length": 9.267724514007568, "width": 5.920356750488281, "height": 13.395943605049979, "mass": 10000, "filename": "Building-7458a492c7cc42358a1209aa5f7c7de0.glb", "foldername": null, "CLASS_NAME": "Building-7458a492c7cc42358a1209aa5f7c7de0.glb", "hshift": -90.05194805194805, "pos0": -0.20456585666422455, "pos1": -0.9540319442749023, "pos2": 0, "scale": 1, "is_building": false, "general": {"length": 9.267724514007568, "width": 5.920356750488281, "height": 13.395943605049979, "bounding_box": [[4.633862018585205, 2.9601783752441406], [4.633862018585205, -2.9601783752441406], [-4.633862495422363, -2.9601783752441406], [-4.633862495422363, 2.9601783752441406]], "center": [-2.384185791015625e-07, 0.0], "color": "Brown", "general_type": "structures", "detail_type": "Building"}}