{"length": 0.668332040309906, "width": 0.6631734371185303, "height": 0.9806886156941381, "mass": 10000, "filename": "Trash_bin-210d05ab6d2f49c99d851263c5294358.glb", "foldername": null, "CLASS_NAME": "Trash_bin-210d05ab6d2f49c99d851263c5294358.glb", "hshift": 0, "pos0": 0, "pos1": 0, "pos2": 0, "scale": 0.008, "is_building": false, "general": {"length": 0.668332040309906, "width": 0.6631734371185303, "height": 0.9806886156941381, "bounding_box": [[0.3343052864074707, 0.3315867483615875], [0.3343052864074707, -0.33158668875694275], [-0.3340267539024353, -0.33158668875694275], [-0.3340267539024353, 0.3315867483615875]], "center": [0.0001392662525177002, 2.9802322387695312e-08], "color": "Black", "general_type": "structures", "detail_type": "TrashCan"}}