{"length": 40.28222465515137, "width": 16.993892669677734, "height": 30.61230754852295, "mass": 10000, "filename": "Building-d67227ca6421499d849b753ff0844326.glb", "foldername": null, "CLASS_NAME": "Building-d67227ca6421499d849b753ff0844326.glb", "hshift": 180.0007012987013, "pos0": -1.52587890625e-05, "pos1": -0.00010156631469726562, "pos2": 15.2, "scale": 1, "is_building": false, "general": {"length": 40.28222465515137, "width": 16.993892669677734, "height": 30.61230754852295, "bounding_box": [[20.141111373901367, 8.496946334838867], [20.141111373901367, -8.496946334838867], [-20.14111328125, -8.496946334838867], [-20.14111328125, 8.496946334838867]], "center": [-9.5367431640625e-07, 0.0], "color": "Gray", "general_type": "structures", "detail_type": "Building"}}