{"length": 0.1517472118139267, "width": 0.7370121777057648, "height": 1.6816616114228964, "mass": 10000, "filename": "Advertising_board-8e1f650189d84fb988edbe1d2775a101.glb", "foldername": null, "CLASS_NAME": "Advertising_board-8e1f650189d84fb988edbe1d2775a101.glb", "hshift": -165.45454545454544, "pos0": 18.718795972882894, "pos1": 0.5256072133779526, "pos2": -0.0427960057061334, "scale": 0.095793991416309, "is_building": false, "general": {"length": 0.1517472118139267, "width": 0.7370121777057648, "height": 1.6816616114228964, "bounding_box": [[0.07587398588657379, 0.36850565671920776], [0.07587398588657379, -0.368506520986557], [-0.0758732259273529, -0.368506520986557], [-0.0758732259273529, 0.36850565671920776]], "center": [3.7997961044311523e-07, -4.3213367462158203e-07], "color": "Purple", "general_type": "structures", "detail_type": "Advertising_board"}}