{"length": 0.7336620688438416, "width": 0.8702935576438904, "height": 1.418386459350586, "mass": 10000, "filename": "TrashCan-9f78ea63f9794f87acb480309397b1cb.glb", "foldername": null, "CLASS_NAME": "TrashCan-9f78ea63f9794f87acb480309397b1cb.glb", "hshift": -90.0, "pos0": 0, "pos1": 0, "pos2": 0.7, "scale": 1.5, "is_building": false, "general": {"length": 0.7336620688438416, "width": 0.8702935576438904, "height": 1.418386459350586, "bounding_box": [[0.3759198784828186, 0.4351472556591034], [0.3759198784828186, -0.435146301984787], [-0.35774219036102295, -0.435146301984787], [-0.35774219036102295, 0.4351472556591034]], "center": [0.009088844060897827, 4.76837158203125e-07], "color": "Green", "general_type": "structures", "detail_type": "TrashCan"}}