{"length": 0.042447205632925034, "width": 0.8089937567710876, "height": 1.3730400204658508, "mass": 10000, "filename": "Advertising_board-33d169c88dbd45edb7b6fe2c4ca0ee34.glb", "foldername": null, "CLASS_NAME": "Advertising_board-33d169c88dbd45edb7b6fe2c4ca0ee34.glb", "hshift": 90.0, "pos0": 0, "pos1": 0, "pos2": 0, "scale": 10.16788148148148, "is_building": false, "general": {"length": 0.042447205632925034, "width": 0.8089937567710876, "height": 1.3730400204658508, "bounding_box": [[0.0061820633709430695, 0.4044961631298065], [0.0061820633709430695, -0.40449759364128113], [-0.036265142261981964, -0.40449759364128113], [-0.036265142261981964, 0.4044961631298065]], "center": [-0.015041539445519447, -7.152557373046875e-07], "color": "White", "general_type": "structures", "detail_type": "Advertising_board"}}