{"length": 13.331227779388428, "width": 2.211232900619507, "height": 5.330107482150197, "mass": 10000, "filename": "Wall-0c61955a8f2440eeb2bba3d8f5b27750.glb", "foldername": null, "CLASS_NAME": "Wall-0c61955a8f2440eeb2bba3d8f5b27750.glb", "hshift": 180.0, "pos0": -0.4640064239501953, "pos1": -0.032608360052108765, "pos2": 0, "scale": 0.6635113449702815, "general": {"length": 13.331227779388428, "width": 2.211232900619507, "height": 5.330107482150197, "bounding_box": [[6.509480953216553, 1.0946440696716309], [6.509480953216553, -1.116588830947876], [-6.821746826171875, -1.116588830947876], [-6.821746826171875, 1.0946440696716309]], "center": [-0.15613293647766113, -0.010972380638122559], "color": "Gray", "general_type": "structures", "detail_type": "Wall"}}