{"length": 0.7221016883850098, "width": 0.7220821976661682, "height": 0.8000644161365926, "mass": 10000, "filename": "firerelated-003199cc6ff2410cb2d8e6f8a9cbb163.glb", "foldername": null, "CLASS_NAME": "firerelated-003199cc6ff2410cb2d8e6f8a9cbb163.glb", "hshift": 0, "pos0": 0.0, "pos1": -0.12001720070838928, "pos2": 0, "scale": 0.8, "general": {"length": 0.7221016883850098, "width": 0.7220821976661682, "height": 0.8000644161365926, "bounding_box": [[0.3610508441925049, 0.3610410690307617], [0.3610508441925049, -0.3610411286354065], [-0.3610508441925049, -0.3610411286354065], [-0.3610508441925049, 0.3610410690307617]], "center": [0.0, -2.9802322387695312e-08], "color": "Red", "general_type": "structures", "detail_type": "FireHydrant"}}