{"length": 11.99460744857788, "width": 0.26137807965278625, "height": 5.997660160064697, "mass": 10000, "filename": "Wall-017de849d95447b79377ff40dfbc3c8d.glb", "foldername": null, "CLASS_NAME": "Wall-017de849d95447b79377ff40dfbc3c8d.glb", "hshift": 0, "pos0": 0.5631067752838135, "pos1": -3.7164641618728638, "pos2": 0, "scale": 0.03, "general": {"length": 11.99460744857788, "width": 0.26137807965278625, "height": 5.997660160064697, "bounding_box": [[5.9973039627075195, 0.13068926334381104], [5.9973039627075195, -0.13068881630897522], [-5.997303485870361, -0.13068881630897522], [-5.997303485870361, 0.13068926334381104]], "center": [2.384185791015625e-07, 2.2351741790771484e-07], "color": "Green", "general_type": "structures", "detail_type": "Wall"}}