{"length": 0.7815314531326294, "width": 2.330100893974304, "height": 0.9555203086929396, "mass": 10000, "filename": "Chair-ae902139fd8f4a2989e988e9f34609d6.glb", "foldername": null, "CLASS_NAME": "Chair-ae902139fd8f4a2989e988e9f34609d6.glb", "hshift": 90.0, "pos0": 0, "pos1": 0, "pos2": 0, "scale": 0.0026440027042641677, "is_building": false, "general": {"length": 0.7815314531326294, "width": 2.330100893974304, "height": 0.9555203086929396, "bounding_box": [[0.39185240864753723, 1.1732115745544434], [0.39185240864753723, -1.1568893194198608], [-0.38967904448509216, -1.1568893194198608], [-0.38967904448509216, 1.1732115745544434]], "center": [0.0010866820812225342, 0.00816112756729126], "color": "Brown", "general_type": "structures", "detail_type": "Chair"}}