{"length": 2.9016737937927246, "width": 0.6792623698711395, "height": 6.26615309715271, "mass": 10000, "filename": "Lamp_post-beec88802ab448c2a1fa2a49f7e91c78.glb", "foldername": null, "CLASS_NAME": "Lamp_post-beec88802ab448c2a1fa2a49f7e91c78.glb", "hshift": 0, "pos0": 0, "pos1": 0, "pos2": 2.5, "scale": 0.6, "is_building": false, "general": {"length": 2.9016737937927246, "width": 0.6792623698711395, "height": 6.26615309715271, "bounding_box": [[1.4508368968963623, 0.3373289704322815], [1.4508368968963623, -0.34193339943885803], [-1.4508368968963623, -0.34193339943885803], [-1.4508368968963623, 0.3373289704322815]], "center": [0.0, -0.002302214503288269], "color": "Green", "general_type": "structures", "detail_type": "Lamp_post"}}