{"length": 1.0122670531272888, "width": 2.4197720289230347, "height": 1.4934852123260498, "mass": 10000, "filename": "Bench-de8f88802afa4c7b8cf54ebc4381046e.glb", "foldername": null, "CLASS_NAME": "Bench-de8f88802afa4c7b8cf54ebc4381046e.glb", "hshift": 90.0, "pos0": 0, "pos1": 0, "pos2": -0.3566333808844515, "scale": 0.8, "is_building": false, "general": {"length": 1.0122670531272888, "width": 2.4197720289230347, "height": 1.4934852123260498, "bounding_box": [[0.538079023361206, 1.2043713331222534], [0.538079023361206, -1.2154006958007812], [-0.47418802976608276, -1.2154006958007812], [-0.47418802976608276, 1.2043713331222534]], "center": [0.031945496797561646, -0.005514681339263916], "color": "Brown", "general_type": "structures", "detail_type": "Bench"}}