{"length": 0.7966799139976501, "width": 1.713822841644287, "height": 1.0716699361801147, "mass": 10000, "filename": "Bench-66e4ad4904034e92aaf376118e6e5902.glb", "foldername": null, "CLASS_NAME": "Bench-66e4ad4904034e92aaf376118e6e5902.glb", "hshift": 0, "pos0": -0.3087765872478485, "pos1": 0.5678439140319824, "pos2": 0, "scale": 17.39758226037196, "is_building": false, "general": {"length": 0.7966799139976501, "width": 1.713822841644287, "height": 1.0716699361801147, "bounding_box": [[0.3983399569988251, 0.8569114208221436], [0.3983399569988251, -0.8569114208221436], [-0.3983399569988251, -0.8569114208221436], [-0.3983399569988251, 0.8569114208221436]], "center": [0.0, 0.0], "color": "Brown", "general_type": "structures", "detail_type": "Bench"}}