{"length": 0.08999655023217201, "width": 2.2466275691986084, "height": 2.6999993436038494, "mass": 10000, "filename": "Advertising_board-0a4cd8e975884115bfb62b5fc0d72f09.glb", "foldername": null, "CLASS_NAME": "Advertising_board-0a4cd8e975884115bfb62b5fc0d72f09.glb", "hshift": 90.0, "pos0": 0, "pos1": 0, "pos2": 0, "scale": 1, "is_building": false, "general": {"length": 0.08999655023217201, "width": 2.2466275691986084, "height": 2.6999993436038494, "bounding_box": [[0.03654494136571884, 1.126739501953125], [0.03654494136571884, -1.1198880672454834], [-0.05345160886645317, -1.1198880672454834], [-0.05345160886645317, 1.126739501953125]], "center": [-0.008453333750367165, 0.0034257173538208008], "color": "White", "general_type": "structures", "detail_type": "Advertising_board"}}