{"length": 0.4779977798461914, "width": 0.7301721572875977, "height": 2.2399849742650986, "mass": 10000, "filename": "Mailbox-8dfa57e7280b4f0ea0ac8770ca1f115a.glb", "foldername": null, "CLASS_NAME": "Mailbox-8dfa57e7280b4f0ea0ac8770ca1f115a.glb", "hshift": 90.0, "pos0": 12.377554416656494, "pos1": -10.60852861404419, "pos2": -0.1, "scale": 0.4, "is_building": false, "general": {"length": 0.4779977798461914, "width": 0.7301721572875977, "height": 2.2399849742650986, "bounding_box": [[0.2389993667602539, 0.36508655548095703], [0.2389993667602539, -0.3650856018066406], [-0.2389984130859375, -0.3650856018066406], [-0.2389984130859375, 0.36508655548095703]], "center": [4.76837158203125e-07, 4.76837158203125e-07], "color": "Gray", "general_type": "structures", "detail_type": "Mailbox"}}