{"length": 0.7207969725131989, "width": 0.8692888617515564, "height": 1.8323127073040268, "mass": 10000, "filename": "Advertising_board-61cad720676a41a98750f7bbf59b46e0.glb", "foldername": null, "CLASS_NAME": "Advertising_board-61cad720676a41a98750f7bbf59b46e0.glb", "hshift": 94.28571428571428, "pos0": -0.3683711662888527, "pos1": 0.3846310079097748, "pos2": 0, "scale": 0.6677539341917025, "is_building": false, "general": {"length": 0.7207969725131989, "width": 0.8692888617515564, "height": 1.8323127073040268, "bounding_box": [[0.3603985011577606, 0.4346444308757782], [0.3603985011577606, -0.4346444308757782], [-0.36039847135543823, -0.4346444308757782], [-0.36039847135543823, 0.4346444308757782]], "center": [1.4901161193847656e-08, 0.0], "color": "Gray", "general_type": "structures", "detail_type": "Advertising_board"}}