{"length": 0.6303767263889313, "width": 0.6303767710924149, "height": 1.238084614276886, "mass": 10000, "filename": "Trash_bin-1aba5376ea5c43ec84d01b9c0f713ee3.glb", "foldername": null, "CLASS_NAME": "Trash_bin-1aba5376ea5c43ec84d01b9c0f713ee3.glb", "hshift": 0, "pos0": 0, "pos1": 0, "pos2": 0.6134094151212555, "scale": 0.8, "is_building": false, "general": {"length": 0.6303767263889313, "width": 0.6303767710924149, "height": 1.238084614276886, "bounding_box": [[-0.16962316632270813, 0.4517567753791809], [-0.16962316632270813, -0.17861999571323395], [-0.7999998927116394, -0.17861999571323395], [-0.7999998927116394, 0.4517567753791809]], "center": [-0.48481152951717377, 0.13656838983297348], "color": "Gray", "general_type": "structures", "detail_type": "TrashCan"}}