{"length": 1.6612467765808105, "width": 1.6612467765808105, "height": 3.193982422351837, "mass": 10000, "filename": "Telephone_booth-1098f2ad36a947ad8dda202c9a6114b6.glb", "foldername": null, "CLASS_NAME": "Telephone_booth-1098f2ad36a947ad8dda202c9a6114b6.glb", "hshift": 180.0, "pos0": 0, "pos1": 0, "pos2": 0, "scale": 1.2, "is_building": false, "general": {"length": 1.6612467765808105, "width": 1.6612467765808105, "height": 3.193982422351837, "bounding_box": [[0.8306233882904053, 0.8306233882904053], [0.8306233882904053, -0.8306233882904053], [-0.8306233882904053, -0.8306233882904053], [-0.8306233882904053, 0.8306233882904053]], "center": [0.0, 0.0], "color": "Black", "general_type": "structures", "detail_type": "Telephone_booth"}}