{"length": 0.6600000858306885, "width": 0.6599999666213989, "height": 1.5999996662139893, "mass": 10000, "filename": "Trash_bin-558210e47805420ebac0a3e0d1bae429.glb", "foldername": null, "CLASS_NAME": "Trash_bin-558210e47805420ebac0a3e0d1bae429.glb", "hshift": 180.0, "pos0": -0.07638814300298691, "pos1": -0.20779027789831161, "pos2": 1.0413694721825966, "scale": 0.002, "is_building": false, "general": {"length": 0.6600000858306885, "width": 0.6599999666213989, "height": 1.5999996662139893, "bounding_box": [[0.33000004291534424, 0.32999998331069946], [0.33000004291534424, -0.32999998331069946], [-0.33000004291534424, -0.32999998331069946], [-0.33000004291534424, 0.32999998331069946]], "center": [0.0, 0.0], "color": "Black", "general_type": "structures", "detail_type": "TrashCan"}}