{"length": 16.804739952087402, "width": 11.642090320587158, "height": 10.935588918626308, "mass": 10000, "filename": "Building-9feed409a1254723a510a18edb92535b.glb", "foldername": null, "CLASS_NAME": "Building-9feed409a1254723a510a18edb92535b.glb", "hshift": 0.0, "pos0": 0, "pos1": 0, "pos2": 0, "scale": 3.0, "is_building": false, "general": {"length": 16.804739952087402, "width": 11.642090320587158, "height": 10.935588918626308, "bounding_box": [[7.110631942749023, 4.531457901000977], [7.110631942749023, -7.110632419586182], [-9.694108009338379, -7.110632419586182], [-9.694108009338379, 4.531457901000977]], "center": [-1.2917380332946777, -1.2895872592926025], "color": "Gray", "general_type": "structures", "detail_type": "Building"}}