{"length": 1.0725774765014648, "width": 1.0636263489723206, "height": 1.5999998450279236, "mass": 10000, "filename": "TrashCan-e5e0f42aec4846a0bff905d0601fdd1e.glb", "foldername": null, "CLASS_NAME": "TrashCan-e5e0f42aec4846a0bff905d0601fdd1e.glb", "hshift": 0, "pos0": 0, "pos1": 0, "pos2": 0.8, "scale": 0.8, "is_building": false, "general": {"length": 1.0725774765014648, "width": 1.0636263489723206, "height": 1.5999998450279236, "bounding_box": [[0.5362887382507324, 0.5318135619163513], [0.5362887382507324, -0.5318127870559692], [-0.5362887382507324, -0.5318127870559692], [-0.5362887382507324, 0.5318135619163513]], "center": [0.0, 3.8743019104003906e-07], "color": "Black", "general_type": "structures", "detail_type": "TrashCan"}}