{"length": 2.984881639480591, "width": 0.3349958062171936, "height": 6.577709197998047, "mass": 10000, "filename": "Lamp_post-1fbf6e80cb7e4705b39680cc17e622b2.glb", "foldername": null, "CLASS_NAME": "Lamp_post-1fbf6e80cb7e4705b39680cc17e622b2.glb", "hshift": 0, "pos0": 5.488777995109558, "pos1": 6.631016731262207e-07, "pos2": 0, "scale": 0.5, "is_building": false, "general": {"length": 2.984881639480591, "width": 0.3349958062171936, "height": 6.577709197998047, "bounding_box": [[1.492440938949585, 0.1674979031085968], [1.492440938949585, -0.1674979031085968], [-1.4924407005310059, -0.1674979031085968], [-1.4924407005310059, 0.1674979031085968]], "center": [1.1920928955078125e-07, 0.0], "color": "Black", "general_type": "structures", "detail_type": "Lamp_post"}}