{"length": 0.6848453283309937, "width": 0.6558663845062256, "height": 0.9660954475402832, "mass": 10000, "filename": "Trash_bin-48f510a8d6854d1a8f512217a6f55454.glb", "foldername": null, "CLASS_NAME": "Trash_bin-48f510a8d6854d1a8f512217a6f55454.glb", "hshift": 0, "pos0": 0.10532097518444061, "pos1": -1.4906810522079468, "pos2": 0.5278174037089869, "scale": 0.4, "is_building": false, "general": {"length": 0.6848453283309937, "width": 0.6558663845062256, "height": 0.9660954475402832, "bounding_box": [[0.3424226641654968, 0.3279331922531128], [0.3424226641654968, -0.3279331922531128], [-0.3424226641654968, -0.3279331922531128], [-0.3424226641654968, 0.3279331922531128]], "center": [0.0, 0.0], "color": "Black", "general_type": "structures", "detail_type": "TrashCan"}}