{"length": 1.1060103178024292, "width": 1.9745776653289795, "height": 1.482961118221283, "mass": 10000, "filename": "Bench-bef15092b6ac4ba2939396cf2b3572c4.glb", "foldername": null, "CLASS_NAME": "Bench-bef15092b6ac4ba2939396cf2b3572c4.glb", "hshift": -180.0, "pos0": 0, "pos1": 0, "pos2": 0.7331378299120228, "scale": 0.9872888888888889, "is_building": false, "general": {"length": 1.1060103178024292, "width": 1.9745776653289795, "height": 1.482961118221283, "bounding_box": [[0.5530051589012146, 0.987288773059845], [0.5530051589012146, -0.9872888922691345], [-0.5530051589012146, -0.9872888922691345], [-0.5530051589012146, 0.987288773059845]], "center": [0.0, -5.960464477539063e-08], "color": "Brown", "general_type": "structures", "detail_type": "Bench"}}