{"length": 2.1398400217294693, "width": 0.43593481183052063, "height": 5.498059183359146, "mass": 10000, "filename": "Lamp_post-e2e112f3a4e44495bbac566eb126eb15.glb", "foldername": null, "CLASS_NAME": "Lamp_post-e2e112f3a4e44495bbac566eb126eb15.glb", "hshift": 270.0, "pos0": 0, "pos1": 0, "pos2": 0, "scale": 0.0054, "is_building": false, "general": {"length": 2.1398400217294693, "width": 0.43593481183052063, "height": 5.498059183359146, "bounding_box": [[1.921872615814209, 0.21796740591526031], [1.921872615814209, -0.21796740591526031], [-0.21796740591526031, -0.21796740591526031], [-0.21796740591526031, 0.21796740591526031]], "center": [0.8519526049494743, 0.0], "color": "Black", "general_type": "structures", "detail_type": "Lamp_post"}}