{"length": 0.046897925436496735, "width": 0.8938192129135132, "height": 1.5170075297355652, "mass": 10000, "filename": "Advertising_board-57465836162a49c189a0d4ee13ecd6d8.glb", "foldername": null, "CLASS_NAME": "Advertising_board-57465836162a49c189a0d4ee13ecd6d8.glb", "hshift": 90.0, "pos0": -0.016618646681308746, "pos1": -1.4901161193847656e-07, "pos2": 0, "scale": 11.234014814814813, "is_building": false, "general": {"length": 0.046897925436496735, "width": 0.8938192129135132, "height": 1.5170075297355652, "bounding_box": [[0.023448962718248367, 0.4469096064567566], [0.023448962718248367, -0.4469096064567566], [-0.023448962718248367, -0.4469096064567566], [-0.023448962718248367, 0.4469096064567566]], "center": [0.0, 0.0], "color": "Orange", "general_type": "structures", "detail_type": "Advertising_board"}}