{"length": 21.274434089660645, "width": 89.76235961914062, "height": 30.17833924293518, "mass": 10000, "filename": "Building-d2e53f7f283247c685b7df8273742727.glb", "foldername": null, "CLASS_NAME": "Building-d2e53f7f283247c685b7df8273742727.glb", "hshift": -90.00048051948055, "pos0": 0.24300193786621094, "pos1": 0.2974109649658203, "pos2": 2.0114122681883018, "scale": 3.4989556509298994, "is_building": false, "general": {"length": 21.274434089660645, "width": 89.76235961914062, "height": 30.17833924293518, "bounding_box": [[10.637216567993164, 44.88117980957031], [10.637216567993164, -44.88117980957031], [-10.63721752166748, -44.88117980957031], [-10.63721752166748, 44.88117980957031]], "center": [-4.76837158203125e-07, 0.0], "color": "Gray", "general_type": "structures", "detail_type": "Building"}}