{"length": 0.682057112455368, "width": 0.9977678060531616, "height": 1.5535330176353455, "mass": 10000, "filename": "Mailbox-6cf41ee1a60143efb983b74c0d69a9a4.glb", "foldername": null, "CLASS_NAME": "Mailbox-6cf41ee1a60143efb983b74c0d69a9a4.glb", "hshift": 90.0, "pos0": 0, "pos1": 0, "pos2": 0.7, "scale": 2.0, "is_building": false, "general": {"length": 0.682057112455368, "width": 0.9977678060531616, "height": 1.5535330176353455, "bounding_box": [[0.3586175739765167, 0.4981858432292938], [0.3586175739765167, -0.4995819628238678], [-0.3234395384788513, -0.4995819628238678], [-0.3234395384788513, 0.4981858432292938]], "center": [0.017589017748832703, -0.0006980597972869873], "color": "Brown", "general_type": "structures", "detail_type": "Mailbox"}}