{"length": 1.432451069355011, "width": 1.271454632282257, "height": 4.724195957183838, "mass": 10000, "filename": "Lamp_post-2c0cc1b8b4ec43e9a3bae32627adc1c4.glb", "foldername": null, "CLASS_NAME": "Lamp_post-2c0cc1b8b4ec43e9a3bae32627adc1c4.glb", "hshift": 0, "pos0": 0, "pos1": 0, "pos2": 0, "scale": 0.05, "is_building": false, "general": {"length": 1.432451069355011, "width": 1.271454632282257, "height": 4.724195957183838, "bounding_box": [[0.7161938548088074, 0.5054333209991455], [0.7161938548088074, -0.7660213112831116], [-0.7162572145462036, -0.7660213112831116], [-0.7162572145462036, 0.5054333209991455]], "center": [-3.167986869812012e-05, -0.13029399514198303], "color": "Black", "general_type": "structures", "detail_type": "Lamp_post"}}