{"length": 0.5307131409645081, "width": 0.5307120084762573, "height": 0.7999602258205414, "mass": 10000, "filename": "Trash_bin-2503723f5571430c8a8732008bc2c4a3.glb", "foldername": null, "CLASS_NAME": "Trash_bin-2503723f5571430c8a8732008bc2c4a3.glb", "hshift": 0, "pos0": 3.445148468017578e-05, "pos1": -0.013531699776649475, "pos2": 0.29957203994293913, "scale": 1.3, "is_building": false, "general": {"length": 0.5307131409645081, "width": 0.5307120084762573, "height": 0.7999602258205414, "bounding_box": [[0.26535657048225403, 0.26535600423812866], [0.26535657048225403, -0.26535600423812866], [-0.26535657048225403, -0.26535600423812866], [-0.26535657048225403, 0.26535600423812866]], "center": [0.0, 0.0], "color": "Gray", "general_type": "structures", "detail_type": "TrashCan"}}