{"length": 14.270299911499023, "width": 1.272161841392517, "height": 5.580815523862839, "mass": 10000, "filename": "Wall-0c5ac6f214504a3bb65cfacca8ab50df.glb", "foldername": null, "CLASS_NAME": "Wall-0c5ac6f214504a3bb65cfacca8ab50df.glb", "hshift": 90.0, "pos0": -0.5, "pos1": -3.5762786865234375e-07, "pos2": 0, "scale": 1.000000084369025, "general": {"length": 14.270299911499023, "width": 1.272161841392517, "height": 5.580815523862839, "bounding_box": [[7.135149955749512, 0.6360809206962585], [7.135149955749512, -0.6360809206962585], [-7.135149955749512, -0.6360809206962585], [-7.135149955749512, 0.6360809206962585]], "center": [0.0, 0.0], "color": "Gray", "general_type": "structures", "detail_type": "Wall"}}