{"length": 0.933630645275116, "width": 4.149469375610352, "height": 1.5650777705013752, "mass": 10000, "filename": "Chair-734af460a5ec403193d7dbbbbf8edbfb.glb", "foldername": null, "CLASS_NAME": "Chair-734af460a5ec403193d7dbbbbf8edbfb.glb", "hshift": 0, "pos0": -0.466815322637558, "pos1": -1.7808139473199844, "pos2": 0, "scale": 0.04385653466142024, "is_building": false, "general": {"length": 0.933630645275116, "width": 4.149469375610352, "height": 1.5650777705013752, "bounding_box": [[0.466815322637558, 2.074734687805176], [0.466815322637558, -2.074734687805176], [-0.466815322637558, -2.074734687805176], [-0.466815322637558, 2.074734687805176]], "center": [0.0, 0.0], "color": "Brown", "general_type": "structures", "detail_type": "Chair"}}