{"length": 1.9258053302764893, "width": 0.2705719470977783, "height": 5.741334019049731, "mass": 10000, "filename": "Lamp_post-fdf1673f1f6d41a99a90312db9bb2351.glb", "foldername": null, "CLASS_NAME": "Lamp_post-fdf1673f1f6d41a99a90312db9bb2351.glb", "hshift": 180.0, "pos0": 2.9, "pos1": 1.2017918229103088, "pos2": 0, "scale": 0.015, "is_building": false, "general": {"length": 1.9258053302764893, "width": 0.2705719470977783, "height": 5.741334019049731, "bounding_box": [[1.753265380859375, 0.13528597354888916], [1.753265380859375, -0.13528597354888916], [-0.17253994941711426, -0.13528597354888916], [-0.17253994941711426, 0.13528597354888916]], "center": [0.7903627157211304, 0.0], "color": "Black", "general_type": "structures", "detail_type": "Lamp_post"}}