{"length": 0.81808140873909, "width": 0.7810927033424377, "height": 1.3422732669860125, "mass": 10000, "filename": "Trash_bin-576e6bcadb764bb5ad91bf48d93a95a5.glb", "foldername": null, "CLASS_NAME": "Trash_bin-576e6bcadb764bb5ad91bf48d93a95a5.glb", "hshift": 90.0, "pos0": 0, "pos1": 0, "pos2": 0, "scale": 1, "is_building": false, "general": {"length": 0.81808140873909, "width": 0.7810927033424377, "height": 1.3422732669860125, "bounding_box": [[0.4699047803878784, 0.39054635167121887], [0.4699047803878784, -0.39054635167121887], [-0.34817662835121155, -0.39054635167121887], [-0.34817662835121155, 0.39054635167121887]], "center": [0.060864076018333435, 0.0], "color": "Green", "general_type": "structures", "detail_type": "TrashCan"}}