{"length": 1.399295151233673, "width": 1.8877058625221252, "height": 1.5168865025043488, "mass": 10000, "filename": "Bench-64289c570aef49f194e7cb74c62c3929.glb", "foldername": null, "CLASS_NAME": "Bench-64289c570aef49f194e7cb74c62c3929.glb", "hshift": 41.49700598802394, "pos0": 0.3419920951128006, "pos1": -1.0413611829280853, "pos2": 0, "scale": 0.36537777777777775, "is_building": false, "general": {"length": 1.399295151233673, "width": 1.8877058625221252, "height": 1.5168865025043488, "bounding_box": [[0.6996475458145142, 0.943852961063385], [0.6996475458145142, -0.9438529014587402], [-0.6996476054191589, -0.9438529014587402], [-0.6996476054191589, 0.943852961063385]], "center": [-2.9802322387695312e-08, 2.9802322387695312e-08], "color": "Brown", "general_type": "structures", "detail_type": "Bench"}}