{"length": 1.4029710292816162, "width": 1.4029710292816162, "height": 3.7521782591938972, "mass": 10000, "filename": "Telephone_booth-6eae0ad6204747f683cae4012dc3f8ce.glb", "foldername": null, "CLASS_NAME": "Telephone_booth-6eae0ad6204747f683cae4012dc3f8ce.glb", "hshift": 90.0, "pos0": 0.5953934192657471, "pos1": -0.5859426856040955, "pos2": 0, "scale": 1.2, "is_building": false, "general": {"length": 1.4029710292816162, "width": 1.4029710292816162, "height": 3.7521782591938972, "bounding_box": [[0.7014855146408081, 0.7014855146408081], [0.7014855146408081, -0.7014855146408081], [-0.7014855146408081, -0.7014855146408081], [-0.7014855146408081, 0.7014855146408081]], "center": [0.0, 0.0], "color": "Red", "general_type": "structures", "detail_type": "Telephone_booth"}}