{"length": 0.49921077489852905, "width": 0.5342273712158203, "height": 1.2275438043288887, "mass": 10000, "filename": "firerelated-e960933dc93d4c9aa08696798b779100.glb", "foldername": null, "CLASS_NAME": "firerelated-e960933dc93d4c9aa08696798b779100.glb", "hshift": 0, "pos0": -0.0014722347259521484, "pos1": -0.06990646570920944, "pos2": 0, "scale": 0.04, "general": {"length": 0.49921077489852905, "width": 0.5342273712158203, "height": 1.2275438043288887, "bounding_box": [[0.24960538744926453, 0.26711368560791016], [0.24960538744926453, -0.26711368560791016], [-0.24960538744926453, -0.26711368560791016], [-0.24960538744926453, 0.26711368560791016]], "center": [0.0, 0.0], "color": "Gray", "general_type": "structures", "detail_type": "FireHydrant"}}