{"length": 13.055465698242188, "width": 12.845951080322266, "height": 12.79339152103762, "mass": 10000, "filename": "Building-b3295edbc6ee4023978c2209df0d9a35.glb", "foldername": null, "CLASS_NAME": "Building-b3295edbc6ee4023978c2209df0d9a35.glb", "hshift": -90.00077922077922, "pos0": -21.99993133544922, "pos1": 16.589672088623047, "pos2": 0, "scale": 2.212045779685264, "is_building": false, "general": {"length": 13.055465698242188, "width": 12.845951080322266, "height": 12.79339152103762, "bounding_box": [[6.527732849121094, 6.422975540161133], [6.527732849121094, -6.422975540161133], [-6.527732849121094, -6.422975540161133], [-6.527732849121094, 6.422975540161133]], "center": [0.0, 0.0], "color": "Red", "general_type": "structures", "detail_type": "Building"}}