{"length": 0.7279154062271118, "width": 0.7264790534973145, "height": 0.9074467420578003, "mass": 10000, "filename": "Trash_bin-d72ea8fa07c4405785db809103ba16fc.glb", "foldername": null, "CLASS_NAME": "Trash_bin-d72ea8fa07c4405785db809103ba16fc.glb", "hshift": 0, "pos0": 0.0, "pos1": -0.0006845444440841675, "pos2": -0.09985734664764578, "scale": 0.3, "is_building": false, "general": {"length": 0.7279154062271118, "width": 0.7264790534973145, "height": 0.9074467420578003, "bounding_box": [[0.3639577031135559, 0.3632395267486572], [0.3639577031135559, -0.3632395267486572], [-0.3639577031135559, -0.3632395267486572], [-0.3639577031135559, 0.3632395267486572]], "center": [0.0, 0.0], "color": "Green", "general_type": "structures", "detail_type": "TrashCan"}}