{"length": 0.5260888338088989, "width": 0.5073491334915161, "height": 0.9513764176517725, "mass": 10000, "filename": "firerelated-0777a03dfb694e7dad44d9cd4f24aa0b.glb", "foldername": null, "CLASS_NAME": "firerelated-0777a03dfb694e7dad44d9cd4f24aa0b.glb", "hshift": 0, "pos0": -7.37607479095459e-06, "pos1": 0.00035005807876586914, "pos2": 0, "scale": 1.0665041689830332, "general": {"length": 0.5260888338088989, "width": 0.5073491334915161, "height": 0.9513764176517725, "bounding_box": [[0.26304441690444946, 0.25367456674575806], [0.26304441690444946, -0.25367456674575806], [-0.26304441690444946, -0.25367456674575806], [-0.26304441690444946, 0.25367456674575806]], "center": [0.0, 0.0], "color": "Yellow", "general_type": "structures", "detail_type": "FireHydrant"}}