{"length": 1.1938279271125793, "width": 1.3766999244689941, "height": 1.999999761581421, "mass": 10000, "filename": "TrashCan-327df22c26dd458bb1ea63d89a254b91.glb", "foldername": null, "CLASS_NAME": "TrashCan-327df22c26dd458bb1ea63d89a254b91.glb", "hshift": -90.0, "pos0": 0, "pos1": 0, "pos2": 1.0, "scale": 1.0, "is_building": false, "general": {"length": 1.1938279271125793, "width": 1.3766999244689941, "height": 1.999999761581421, "bounding_box": [[0.5969139933586121, 0.6883499622344971], [0.5969139933586121, -0.6883499622344971], [-0.5969139337539673, -0.6883499622344971], [-0.5969139337539673, 0.6883499622344971]], "center": [2.9802322387695312e-08, 0.0], "color": "Green", "general_type": "structures", "detail_type": "TrashCan"}}