{"length": 0.036883809603750706, "width": 0.7029618620872498, "height": 1.1930808424949646, "mass": 10000, "filename": "Advertising_board-6e64e375caa0464580b2cb8726f4ddf3.glb", "foldername": null, "CLASS_NAME": "Advertising_board-6e64e375caa0464580b2cb8726f4ddf3.glb", "hshift": 90.0, "pos0": 0, "pos1": 0, "pos2": 0, "scale": 8.835214814814814, "is_building": false, "general": {"length": 0.036883809603750706, "width": 0.7029618620872498, "height": 1.1930808424949646, "bounding_box": [[0.005371802486479282, 0.35148030519485474], [0.005371802486479282, -0.351481556892395], [-0.03151200711727142, -0.351481556892395], [-0.03151200711727142, 0.35148030519485474]], "center": [-0.01307010231539607, -6.258487701416016e-07], "color": "Black", "general_type": "structures", "detail_type": "Advertising_board"}}