{"length": 1.1182788610458374, "width": 1.9498002529144287, "height": 1.6591790318489075, "mass": 10000, "filename": "Bench-c9335640145b4577b94a591ca73ab2ac.glb", "foldername": null, "CLASS_NAME": "Bench-c9335640145b4577b94a591ca73ab2ac.glb", "hshift": 0, "pos0": 0.0017451047897338867, "pos1": 0.0, "pos2": 0.7845934379457908, "scale": 0.12439198855507867, "is_building": false, "general": {"length": 1.1182788610458374, "width": 1.9498002529144287, "height": 1.6591790318489075, "bounding_box": [[0.5591394305229187, 0.9749001264572144], [0.5591394305229187, -0.9749001264572144], [-0.5591394305229187, -0.9749001264572144], [-0.5591394305229187, 0.9749001264572144]], "center": [0.0, 0.0], "color": "Brown", "general_type": "structures", "detail_type": "Bench"}}