{"length": 5.27737283706665, "width": 2.9043384790420532, "height": 3.6060972213745117, "mass": 10000, "filename": "foodtruck-21330fcaf3e446118397aadced6fa218.glb", "foldername": null, "CLASS_NAME": "foodtruck-21330fcaf3e446118397aadced6fa218.glb", "hshift": 90.0, "pos0": 0, "pos1": 0, "pos2": 1.7, "scale": 2.6386866798770474, "general": {"length": 5.27737283706665, "width": 2.9043384790420532, "height": 3.6060972213745117, "bounding_box": [[2.638686418533325, 1.4521691799163818], [2.638686418533325, -1.4521692991256714], [-2.638686418533325, -1.4521692991256714], [-2.638686418533325, 1.4521691799163818]], "center": [0.0, -5.960464477539063e-08], "color": "Orange", "general_type": "structures", "detail_type": "FoodTruck"}}