{"length": 0.5176353454589844, "width": 0.5176362991333008, "height": 5.064244449138641, "mass": 10000, "filename": "Lamp_post-0e3a4b2486a9440493174a96dafc516c.glb", "foldername": null, "CLASS_NAME": "Lamp_post-0e3a4b2486a9440493174a96dafc516c.glb", "hshift": 0, "pos0": -9.412463665008545, "pos1": 8.435811042785645, "pos2": 0, "scale": 0.02, "is_building": false, "general": {"length": 0.5176353454589844, "width": 0.5176362991333008, "height": 5.064244449138641, "bounding_box": [[0.2588167190551758, 0.2588186264038086], [0.2588167190551758, -0.2588176727294922], [-0.2588186264038086, -0.2588176727294922], [-0.2588186264038086, 0.2588186264038086]], "center": [-9.5367431640625e-07, 4.76837158203125e-07], "color": "Black", "general_type": "structures", "detail_type": "Lamp_post"}}