{"length": 0.9764358997344971, "width": 2.9309113025665283, "height": 0.7228920161724091, "mass": 10000, "filename": "Bench-453d262499f54a4b886e00b3d1af3cbf.glb", "foldername": null, "CLASS_NAME": "Bench-453d262499f54a4b886e00b3d1af3cbf.glb", "hshift": -90.53892215568862, "pos0": -1.4454126358032227e-06, "pos1": 0.0, "pos2": 0.38123167155425186, "scale": 1.461125925925926, "is_building": false, "general": {"length": 0.9764358997344971, "width": 2.9309113025665283, "height": 0.7228920161724091, "bounding_box": [[0.48821794986724854, 1.4654556512832642], [0.48821794986724854, -1.4654556512832642], [-0.48821794986724854, -1.4654556512832642], [-0.48821794986724854, 1.4654556512832642]], "center": [0.0, 0.0], "color": "Brown", "general_type": "structures", "detail_type": "Bench"}}