{"length": 14.059866428375244, "width": 24.986669540405273, "height": 11.419656753540039, "mass": 10000, "filename": "Building-e7390aa8b980439e8913aa98af85116c.glb", "foldername": null, "CLASS_NAME": "Building-e7390aa8b980439e8913aa98af85116c.glb", "hshift": 9.74025494e-08, "pos0": 2.1939616203308105, "pos1": -0.11837959289550781, "pos2": 0, "scale": 4.0, "is_building": false, "general": {"length": 14.059866428375244, "width": 24.986669540405273, "height": 11.419656753540039, "bounding_box": [[7.029932975769043, 12.493334770202637], [7.029932975769043, -12.493334770202637], [-7.029933452606201, -12.493334770202637], [-7.029933452606201, 12.493334770202637]], "center": [-2.384185791015625e-07, 0.0], "color": "Brown", "general_type": "structures", "detail_type": "Building"}}