{"length": 1.0787950158119202, "width": 1.8809573650360107, "height": 1.6005972027778625, "mass": 10000, "filename": "Chair-c9335640145b4577b94a591ca73ab2ac.glb", "foldername": null, "CLASS_NAME": "Chair-c9335640145b4577b94a591ca73ab2ac.glb", "hshift": 0, "pos0": 0, "pos1": 0, "pos2": 0.8, "scale": 0.12, "is_building": false, "general": {"length": 1.0787950158119202, "width": 1.8809573650360107, "height": 1.6005972027778625, "bounding_box": [[0.5377140045166016, 0.9404786825180054], [0.5377140045166016, -0.9404786825180054], [-0.5410810112953186, -0.9404786825180054], [-0.5410810112953186, 0.9404786825180054]], "center": [-0.0016835033893585205, 0.0], "color": "Brown", "general_type": "structures", "detail_type": "Chair"}}