{"length": 0.9649517834186554, "width": 0.9649519920349121, "height": 5.0489442050457, "mass": 10000, "filename": "Lamp_post-89fa7ee886344bfa981b097e6b99e828.glb", "foldername": null, "CLASS_NAME": "Lamp_post-89fa7ee886344bfa981b097e6b99e828.glb", "hshift": 0, "pos0": 0, "pos1": 0, "pos2": -0.2, "scale": 0.04, "is_building": false, "general": {"length": 0.9649517834186554, "width": 0.9649519920349121, "height": 5.0489442050457, "bounding_box": [[0.48512789607048035, 0.47837620973587036], [0.48512789607048035, -0.48657578229904175], [-0.47982388734817505, -0.48657578229904175], [-0.47982388734817505, 0.47837620973587036]], "center": [0.002652004361152649, -0.004099786281585693], "color": "Purple", "general_type": "structures", "detail_type": "Lamp_post"}}