{"length": 1.0674315690994263, "width": 1.4152905941009521, "height": 3.7601640224456787, "mass": 10000, "filename": "Vending_machine-65b4086c9c2e4feb8d273e48e146d786.glb", "foldername": null, "CLASS_NAME": "Vending_machine-65b4086c9c2e4feb8d273e48e146d786.glb", "hshift": 0.0, "pos0": 0.0, "pos1": 0.0, "pos2": 0, "scale": 0.7, "is_building": false, "general": {"length": 1.0674315690994263, "width": 1.4152905941009521, "height": 3.7601640224456787, "bounding_box": [[0.5337157845497131, 0.7076452970504761], [0.5337157845497131, -0.7076452970504761], [-0.5337157845497131, -0.7076452970504761], [-0.5337157845497131, 0.7076452970504761]], "center": [0.0, 0.0], "color": "Gray", "general_type": "structures", "detail_type": "Vending_machine"}}