{"length": 0.9211302995681763, "width": 2.0705665946006775, "height": 1.44646408688277, "mass": 10000, "filename": "Bench-c18b73277d924fdbbee0cf28e6d9565a.glb", "foldername": null, "CLASS_NAME": "Bench-c18b73277d924fdbbee0cf28e6d9565a.glb", "hshift": 90.0, "pos0": 0.4735434800386429, "pos1": 0.40433818101882935, "pos2": 0, "scale": 0.33576296296296293, "is_building": false, "general": {"length": 0.9211302995681763, "width": 2.0705665946006775, "height": 1.44646408688277, "bounding_box": [[0.559648871421814, 1.1198866367340088], [0.559648871421814, -0.9506799578666687], [-0.3614814281463623, -0.9506799578666687], [-0.3614814281463623, 1.1198866367340088]], "center": [0.09908372163772583, 0.08460333943367004], "color": "Brown", "general_type": "structures", "detail_type": "Bench"}}