{"length": 0.7675798535346985, "width": 0.5495919585227966, "height": 3.9999998807907104, "mass": 10000, "filename": "Lamp_post-82818c1deeb24b2fbe84ba6cc20f79ef.glb", "foldername": null, "CLASS_NAME": "Lamp_post-82818c1deeb24b2fbe84ba6cc20f79ef.glb", "hshift": 0, "pos0": 0, "pos1": 0, "pos2": 2.0, "scale": 2.0, "is_building": false, "general": {"length": 0.7675798535346985, "width": 0.5495919585227966, "height": 3.9999998807907104, "bounding_box": [[0.38378992676734924, 0.2747959792613983], [0.38378992676734924, -0.2747959792613983], [-0.38378992676734924, -0.2747959792613983], [-0.38378992676734924, 0.2747959792613983]], "center": [0.0, 0.0], "color": "Black", "general_type": "structures", "detail_type": "Lamp_post"}}