{"length": 83.3946304321289, "width": 69.54995346069336, "height": 59.15599822998047, "mass": 10000, "filename": "Building-cfddccc5a9884d1aaa4431c957c71e21.glb", "foldername": null, "CLASS_NAME": "Building-cfddccc5a9884d1aaa4431c957c71e21.glb", "hshift": 0.0, "pos0": 6.1404571533203125, "pos1": -5.079371452331543, "pos2": 0, "scale": 1.5, "is_building": false, "general": {"length": 83.3946304321289, "width": 69.54995346069336, "height": 59.15599822998047, "bounding_box": [[41.69731521606445, 34.77497863769531], [41.69731521606445, -34.77497482299805], [-41.69731521606445, -34.77497482299805], [-41.69731521606445, 34.77497863769531]], "center": [0.0, 1.9073486328125e-06], "color": "White", "general_type": "structures", "detail_type": "Building"}}