{"length": 0.039974586106836796, "width": 0.7618684768676758, "height": 1.2930582761764526, "mass": 10000, "filename": "Advertising_board-7041447e474f41889fdb901a87dca3f8.glb", "foldername": null, "CLASS_NAME": "Advertising_board-7041447e474f41889fdb901a87dca3f8.glb", "hshift": 90.0, "pos0": 0, "pos1": 0, "pos2": 0, "scale": 9.575585185185185, "is_building": false, "general": {"length": 0.039974586106836796, "width": 0.7618684768676758, "height": 1.2930582761764526, "bounding_box": [[0.005821947939693928, 0.38093358278274536], [0.005821947939693928, -0.3809348940849304], [-0.03415263816714287, -0.3809348940849304], [-0.03415263816714287, 0.38093358278274536]], "center": [-0.01416534511372447, -6.556510925292969e-07], "color": "White", "general_type": "structures", "detail_type": "Advertising_board"}}