{"length": 1.1905178427696228, "width": 3.8925821781158447, "height": 1.4066750635392964, "mass": 10000, "filename": "Chair-0fc91c47c6b04717bb4400c247de573e.glb", "foldername": null, "CLASS_NAME": "Chair-0fc91c47c6b04717bb4400c247de573e.glb", "hshift": 90.0, "pos0": 0, "pos1": 0, "pos2": 0, "scale": 0.02, "is_building": false, "general": {"length": 1.1905178427696228, "width": 3.8925821781158447, "height": 1.4066750635392964, "bounding_box": [[0.6366482973098755, 1.9462910890579224], [0.6366482973098755, -1.9462910890579224], [-0.5538695454597473, -1.9462910890579224], [-0.5538695454597473, 1.9462910890579224]], "center": [0.04138937592506409, 0.0], "color": "Blue", "general_type": "structures", "detail_type": "Chair"}}