{"length": 0.8381061553955078, "width": 1.2759034037590027, "height": 2.5504186153411865, "mass": 10000, "filename": "Advertising_board-3e62a6f01271441091d95a7e9f344fe1.glb", "foldername": null, "CLASS_NAME": "Advertising_board-3e62a6f01271441091d95a7e9f344fe1.glb", "hshift": 90.12987012987014, "pos0": 0, "pos1": 0, "pos2": 0, "scale": 0.41037195994277537, "is_building": false, "general": {"length": 0.8381061553955078, "width": 1.2759034037590027, "height": 2.5504186153411865, "bounding_box": [[0.28555119037628174, 0.6355868577957153], [0.28555119037628174, -0.6403165459632874], [-0.5525549650192261, -0.6403165459632874], [-0.5525549650192261, 0.6355868577957153]], "center": [-0.13350188732147217, -0.0023648440837860107], "color": "Gray", "general_type": "structures", "detail_type": "Advertising_board"}}