{"length": 18.03402328491211, "width": 19.282570838928223, "height": 18.68642282485962, "mass": 10000, "filename": "Building-315756ab8c534a5b8212c55a5810398c.glb", "foldername": null, "CLASS_NAME": "Building-315756ab8c534a5b8212c55a5810398c.glb", "hshift": 0.0, "pos0": -0.8347616195678711, "pos1": 0.9397778511047363, "pos2": 0, "scale": 1.0, "is_building": false, "general": {"length": 18.03402328491211, "width": 19.282570838928223, "height": 18.68642282485962, "bounding_box": [[9.017011642456055, 9.64128589630127], [9.017011642456055, -9.641284942626953], [-9.017011642456055, -9.641284942626953], [-9.017011642456055, 9.64128589630127]], "center": [0.0, 4.76837158203125e-07], "color": "Blue", "general_type": "structures", "detail_type": "Building"}}