{"length": 0.40854087471961975, "width": 0.4085409641265869, "height": 1.1999161422017632, "mass": 10000, "filename": "Mailbox-28495ea68ceb40749d68f8f57894e320.glb", "foldername": null, "CLASS_NAME": "Mailbox-28495ea68ceb40749d68f8f57894e320.glb", "hshift": 0, "pos0": 0, "pos1": 0, "pos2": 0, "scale": 0.01, "is_building": false, "general": {"length": 0.40854087471961975, "width": 0.4085409641265869, "height": 1.1999161422017632, "bounding_box": [[0.20427042245864868, 0.20427051186561584], [0.20427042245864868, -0.20427045226097107], [-0.20427045226097107, -0.20427045226097107], [-0.20427045226097107, 0.20427051186561584]], "center": [-1.4901161193847656e-08, 2.9802322387695312e-08], "color": "Yellow", "general_type": "structures", "detail_type": "Mailbox"}}