{"length": 0.6214655935764313, "width": 0.7342329621315002, "height": 1.1646158802669913, "mass": 10000, "filename": "Advertising_board-f3be35040fe94782bf5e3c0a88d34d5e.glb", "foldername": null, "CLASS_NAME": "Advertising_board-f3be35040fe94782bf5e3c0a88d34d5e.glb", "hshift": -87.01298701298701, "pos0": 0, "pos1": 0, "pos2": 0, "scale": 0.32457796852646636, "is_building": false, "general": {"length": 0.6214655935764313, "width": 0.7342329621315002, "height": 1.1646158802669913, "bounding_box": [[0.3112795650959015, 0.356638103723526], [0.3112795650959015, -0.37759485840797424], [-0.3101860284805298, -0.37759485840797424], [-0.3101860284805298, 0.356638103723526]], "center": [0.000546768307685852, -0.010478377342224121], "color": "Brown", "general_type": "structures", "detail_type": "Advertising_board"}}