{"length": 0.9404430091381073, "width": 2.705794334411621, "height": 1.2187277227640152, "mass": 10000, "filename": "Bench-973507d6b4e44265887f8feffa6de13e.glb", "foldername": null, "CLASS_NAME": "Bench-973507d6b4e44265887f8feffa6de13e.glb", "hshift": 90.0, "pos0": 0.020070090889930725, "pos1": 0.0, "pos2": 0, "scale": 0.017, "is_building": false, "general": {"length": 0.9404430091381073, "width": 2.705794334411621, "height": 1.2187277227640152, "bounding_box": [[0.47022151947021484, 1.3528971672058105], [0.47022151947021484, -1.3528971672058105], [-0.47022148966789246, -1.3528971672058105], [-0.47022148966789246, 1.3528971672058105]], "center": [1.4901161193847656e-08, 0.0], "color": "Brown", "general_type": "structures", "detail_type": "Bench"}}