{"length": 0.5852795243263245, "width": 0.8269763588905334, "height": 1.199999988079071, "mass": 10000, "filename": "Trash_bin-047f2510738e4969a0af9bde79f8c903.glb", "foldername": null, "CLASS_NAME": "Trash_bin-047f2510738e4969a0af9bde79f8c903.glb", "hshift": 0, "pos0": 0, "pos1": 0, "pos2": 0.6134094151212555, "scale": 0.6, "is_building": false, "general": {"length": 0.5852795243263245, "width": 0.8269763588905334, "height": 1.199999988079071, "bounding_box": [[0.29263976216316223, 0.4134881794452667], [0.29263976216316223, -0.4134881794452667], [-0.29263976216316223, -0.4134881794452667], [-0.29263976216316223, 0.4134881794452667]], "center": [0.0, 0.0], "color": "Gray", "general_type": "structures", "detail_type": "TrashCan"}}