{"length": 33.778167724609375, "width": 35.60246276855469, "height": 30.947724770754576, "mass": 10000, "filename": "Building-e23a4b96b5fe4df4a3f5be969d69c700.glb", "foldername": null, "CLASS_NAME": "Building-e23a4b96b5fe4df4a3f5be969d69c700.glb", "hshift": 7.79221e-07, "pos0": -2.3310394287109375, "pos1": 2.0800161361694336, "pos2": 0, "scale": 30.0, "is_building": false, "general": {"length": 33.778167724609375, "width": 35.60246276855469, "height": 30.947724770754576, "bounding_box": [[16.889083862304688, 17.801231384277344], [16.889083862304688, -17.801231384277344], [-16.889083862304688, -17.801231384277344], [-16.889083862304688, 17.801231384277344]], "center": [0.0, 0.0], "color": "White", "general_type": "structures", "detail_type": "Building"}}