{"length": 1.4320697784423828, "width": 1.4320707321166992, "height": 2.7942826573251622, "mass": 10000, "filename": "Telephone_booth-2c7977b3bac34426ab0ca6d3ef42984d.glb", "foldername": null, "CLASS_NAME": "Telephone_booth-2c7977b3bac34426ab0ca6d3ef42984d.glb", "hshift": 90.0, "pos0": 0.000186920166015625, "pos1": 0.000507354736328125, "pos2": 0, "scale": 1, "is_building": false, "general": {"length": 1.4320697784423828, "width": 1.4320707321166992, "height": 2.7942826573251622, "bounding_box": [[0.7167291641235352, 0.7163543701171875], [0.7167291641235352, -0.7157163619995117], [-0.7153406143188477, -0.7157163619995117], [-0.7153406143188477, 0.7163543701171875]], "center": [0.00069427490234375, 0.0003190040588378906], "color": "Blue", "general_type": "structures", "detail_type": "Telephone_booth"}}