{"length": 10.922521114349365, "width": 13.267760753631592, "height": 30.358395777642727, "mass": 10000, "filename": "Building-cef9a7217f00475db4a3743dd1c90412.glb", "foldername": null, "CLASS_NAME": "Building-cef9a7217f00475db4a3743dd1c90412.glb", "hshift": 90.0, "pos0": 2.677053928375244, "pos1": -6.1661200523376465, "pos2": 0, "scale": 0.8, "is_building": false, "general": {"length": 10.922521114349365, "width": 13.267760753631592, "height": 30.358395777642727, "bounding_box": [[5.461260795593262, 6.633880138397217], [5.461260795593262, -6.633880615234375], [-5.4612603187561035, -6.633880615234375], [-5.4612603187561035, 6.633880138397217]], "center": [2.384185791015625e-07, -2.384185791015625e-07], "color": "Gray", "general_type": "structures", "detail_type": "Building"}}