{"length": 0.674388587474823, "width": 0.6743875443935394, "height": 1.2621181011199951, "mass": 10000, "filename": "Trash_bin-28df46b079434ec8b9e999c9aba1b08a.glb", "foldername": null, "CLASS_NAME": "Trash_bin-28df46b079434ec8b9e999c9aba1b08a.glb", "hshift": 0, "pos0": -3.483697533607483, "pos1": -0.038049742579460144, "pos2": 0, "scale": 0.3, "is_building": false, "general": {"length": 0.674388587474823, "width": 0.6743875443935394, "height": 1.2621181011199951, "bounding_box": [[0.3371944725513458, 0.3371937870979309], [0.3371944725513458, -0.3371937572956085], [-0.3371941149234772, -0.3371937572956085], [-0.3371941149234772, 0.3371937870979309]], "center": [1.7881393432617188e-07, 1.4901161193847656e-08], "color": "Blue", "general_type": "structures", "detail_type": "TrashCan"}}