{"length": 1.0114526748657227, "width": 1.1247507333755493, "height": 1.6741436962038279, "mass": 10000, "filename": "TrashCan-4fe0c97a751640d7a434f2e6b5461e46.glb", "foldername": null, "CLASS_NAME": "TrashCan-4fe0c97a751640d7a434f2e6b5461e46.glb", "hshift": 0, "pos0": 7.0, "pos1": 0.0, "pos2": 0.0, "scale": 0.5112504022723537, "is_building": false, "general": {"length": 1.0114526748657227, "width": 1.1247507333755493, "height": 1.6741436962038279, "bounding_box": [[0.08431768417358398, 0.5686678290367126], [0.08431768417358398, -0.5560829043388367], [-0.9271349906921387, -0.5560829043388367], [-0.9271349906921387, 0.5686678290367126]], "center": [-0.42140865325927734, 0.006292462348937988], "color": "Green", "general_type": "structures", "detail_type": "TrashCan"}}