{"length": 0.7819115519523621, "width": 1.2579246163368225, "height": 3.2569151520729065, "mass": 10000, "filename": "Telephone_booth-869366d687b94193a625a84040db4a64.glb", "foldername": null, "CLASS_NAME": "Telephone_booth-869366d687b94193a625a84040db4a64.glb", "hshift": -90.0, "pos0": 0.16831447929143906, "pos1": -0.0029725730419158936, "pos2": 0, "scale": 1, "is_building": false, "general": {"length": 0.7819115519523621, "width": 1.2579246163368225, "height": 3.2569151520729065, "bounding_box": [[0.3909558057785034, 0.6289622783660889], [0.3909558057785034, -0.6289623379707336], [-0.39095574617385864, -0.6289623379707336], [-0.39095574617385864, 0.6289622783660889]], "center": [2.9802322387695312e-08, -2.9802322387695312e-08], "color": "Blue", "general_type": "structures", "detail_type": "Telephone_booth"}}