{"length": 20.193771362304688, "width": 44.65372085571289, "height": 26.08787278831005, "mass": 10000, "filename": "Building-6751fd9141fd436c8ffa6a19518474ed.glb", "foldername": null, "CLASS_NAME": "Building-6751fd9141fd436c8ffa6a19518474ed.glb", "hshift": -90.00571428571428, "pos0": 97.63677215576172, "pos1": 86.30112838745117, "pos2": -0.0427960057061334, "scale": 150.0, "is_building": false, "general": {"length": 20.193771362304688, "width": 44.65372085571289, "height": 26.08787278831005, "bounding_box": [[10.096885681152344, 22.326862335205078], [10.096885681152344, -22.326858520507812], [-10.096885681152344, -22.326858520507812], [-10.096885681152344, 22.326862335205078]], "center": [0.0, 1.9073486328125e-06], "color": "Gray", "general_type": "structures", "detail_type": "Building"}}