{"length": 1.0351219773292542, "width": 2.6444787979125977, "height": 1.25727778673172, "mass": 10000, "filename": "Chair-acf643ab6a4a4ef2b894abd59aebdf4d.glb", "foldername": null, "CLASS_NAME": "Chair-acf643ab6a4a4ef2b894abd59aebdf4d.glb", "hshift": 90.0, "pos0": -2.9802322387695312e-08, "pos1": -3.337860107421875e-06, "pos2": 0, "scale": 1.5, "is_building": false, "general": {"length": 1.0351219773292542, "width": 2.6444787979125977, "height": 1.25727778673172, "bounding_box": [[0.5175609588623047, 1.322239875793457], [0.5175609588623047, -1.3222389221191406], [-0.5175610184669495, -1.3222389221191406], [-0.5175610184669495, 1.322239875793457]], "center": [-2.9802322387695312e-08, 4.76837158203125e-07], "color": "Brown", "general_type": "structures", "detail_type": "Chair"}}