{"length": 0.8380391597747803, "width": 0.6762551069259644, "height": 1.1999998092651367, "mass": 10000, "filename": "Trash_bin-f4440ba1c72f42bb887110ada7dcf3ca.glb", "foldername": null, "CLASS_NAME": "Trash_bin-f4440ba1c72f42bb887110ada7dcf3ca.glb", "hshift": 90.0, "pos0": 0, "pos1": 0, "pos2": 0.5563480741797413, "scale": 0.6, "is_building": false, "general": {"length": 0.8380391597747803, "width": 0.6762551069259644, "height": 1.1999998092651367, "bounding_box": [[0.41901957988739014, 0.3381275534629822], [0.41901957988739014, -0.3381275534629822], [-0.41901957988739014, -0.3381275534629822], [-0.41901957988739014, 0.3381275534629822]], "center": [0.0, 0.0], "color": "Green", "general_type": "structures", "detail_type": "TrashCan"}}