{"length": 10.281434059143066, "width": 7.590801239013672, "height": 10.89533288963139, "mass": 10000, "filename": "Building-60595f5e3a7e4eaba79493989344d3c9.glb", "foldername": null, "CLASS_NAME": "Building-60595f5e3a7e4eaba79493989344d3c9.glb", "hshift": 90.00000675324675, "pos0": 10.947111129760742, "pos1": -27.499992847442627, "pos2": 0, "scale": 110.0, "is_building": false, "general": {"length": 10.281434059143066, "width": 7.590801239013672, "height": 10.89533288963139, "bounding_box": [[5.140717506408691, 3.795400619506836], [5.140717506408691, -3.795400619506836], [-5.140716552734375, -3.795400619506836], [-5.140716552734375, 3.795400619506836]], "center": [4.76837158203125e-07, 0.0], "color": "White", "general_type": "structures", "detail_type": "Building"}}