{"length": 9.740336418151855, "width": 25.701007843017578, "height": 8.335862159729004, "mass": 10000, "filename": "Building-9f9fdefacd4f494bad95aaf7867580cc.glb", "foldername": null, "CLASS_NAME": "Building-9f9fdefacd4f494bad95aaf7867580cc.glb", "hshift": 7.142857142861e-05, "pos0": 7.152557373046875e-06, "pos1": 1.430511474609375e-06, "pos2": 4.122681883024251, "scale": 12.85050071530758, "is_building": false, "general": {"length": 9.740336418151855, "width": 25.701007843017578, "height": 8.335862159729004, "bounding_box": [[4.870168209075928, 12.850503921508789], [4.870168209075928, -12.850503921508789], [-4.870168209075928, -12.850503921508789], [-4.870168209075928, 12.850503921508789]], "center": [0.0, 0.0], "color": "Black", "general_type": "structures", "detail_type": "Building"}}