{"length": 0.7951251864433289, "width": 2.779226064682007, "height": 1.276825189590454, "mass": 10000, "filename": "Chair-538b5c85746e4f1991be49347efe0b11.glb", "foldername": null, "CLASS_NAME": "Chair-538b5c85746e4f1991be49347efe0b11.glb", "hshift": 180.0, "pos0": 0, "pos1": 0, "pos2": 0, "scale": 0.015, "is_building": false, "general": {"length": 0.7951251864433289, "width": 2.779226064682007, "height": 1.276825189590454, "bounding_box": [[0.4267873466014862, 1.3896130323410034], [0.4267873466014862, -1.3896130323410034], [-0.36833783984184265, -1.3896130323410034], [-0.36833783984184265, 1.3896130323410034]], "center": [0.029224753379821777, 0.0], "color": "Brown", "general_type": "structures", "detail_type": "Chair"}}