{"length": 0.6696064472198486, "width": 0.8386519849300385, "height": 1.3189038038253784, "mass": 10000, "filename": "Advertising_board-8493a64aa0f648c1bca44b6ea141bfbf.glb", "foldername": null, "CLASS_NAME": "Advertising_board-8493a64aa0f648c1bca44b6ea141bfbf.glb", "hshift": 91.16883116883116, "pos0": 0, "pos1": 0, "pos2": 0, "scale": 0.5533619456366237, "is_building": false, "general": {"length": 0.6696064472198486, "width": 0.8386519849300385, "height": 1.3189038038253784, "bounding_box": [[0.3142869472503662, 0.42029115557670593], [0.3142869472503662, -0.4183608293533325], [-0.3553194999694824, -0.4183608293533325], [-0.3553194999694824, 0.42029115557670593]], "center": [-0.020516276359558105, 0.0009651631116867065], "color": "Brown", "general_type": "structures", "detail_type": "Advertising_board"}}