{"length": 0.7737174034118652, "width": 0.6704663038253784, "height": 1.2964741494506598, "mass": 10000, "filename": "firerelated-401975f4ad99458988d484f540d92b77.glb", "foldername": null, "CLASS_NAME": "firerelated-401975f4ad99458988d484f540d92b77.glb", "hshift": 0, "pos0": -0.013304278254508972, "pos1": 0.8991618752479553, "pos2": 0, "scale": 0.13129195976457664, "general": {"length": 0.7737174034118652, "width": 0.6704663038253784, "height": 1.2964741494506598, "bounding_box": [[0.3868587017059326, 0.3352331519126892], [0.3868587017059326, -0.3352331519126892], [-0.3868587017059326, -0.3352331519126892], [-0.3868587017059326, 0.3352331519126892]], "center": [0.0, 0.0], "color": "Red", "general_type": "structures", "detail_type": "FireHydrant"}}