{"length": 1.075815200805664, "width": 1.8107496500015259, "height": 1.6777669191360474, "mass": 10000, "filename": "Bench-7ab40267de694cb38bc10b35aaa02086.glb", "foldername": null, "CLASS_NAME": "Bench-7ab40267de694cb38bc10b35aaa02086.glb", "hshift": 90.0, "pos0": 0, "pos1": 0, "pos2": 0, "scale": 0.003, "is_building": false, "general": {"length": 1.075815200805664, "width": 1.8107496500015259, "height": 1.6777669191360474, "bounding_box": [[0.5379709005355835, 0.9053747653961182], [0.5379709005355835, -0.9053748846054077], [-0.5378443002700806, -0.9053748846054077], [-0.5378443002700806, 0.9053747653961182]], "center": [6.330013275146484e-05, -5.960464477539063e-08], "color": "Orange", "general_type": "structures", "detail_type": "Bench"}}