{"length": 33.257625579833984, "width": 31.10829734802246, "height": 32.22864270210266, "mass": 10000, "filename": "Building-2ed8530340894145a235e98e5145061a.glb", "foldername": null, "CLASS_NAME": "Building-2ed8530340894145a235e98e5145061a.glb", "hshift": 90.00883116883118, "pos0": -1.6186275482177734, "pos1": -1.439833641052246, "pos2": 1.3266761768901567, "scale": 2.0, "is_building": false, "general": {"length": 33.257625579833984, "width": 31.10829734802246, "height": 32.22864270210266, "bounding_box": [[16.628812789916992, 15.554149627685547], [16.628812789916992, -15.554147720336914], [-16.628812789916992, -15.554147720336914], [-16.628812789916992, 15.554149627685547]], "center": [0.0, 9.5367431640625e-07], "color": "", "general_type": "structures", "detail_type": "Building"}}