{"length": 0.51038858294487, "width": 0.5082025825977325, "height": 1.1898569762706757, "mass": 10000, "filename": "Trash_bin-bdda2234bae0494995faedf33f434de4.glb", "foldername": null, "CLASS_NAME": "Trash_bin-bdda2234bae0494995faedf33f434de4.glb", "hshift": 52.72727272727275, "pos0": -0.509252205491066, "pos1": 0.49980928748846054, "pos2": 0.5278174037089869, "scale": 0.06719599427753933, "is_building": false, "general": {"length": 0.51038858294487, "width": 0.5082025825977325, "height": 1.1898569762706757, "bounding_box": [[0.2551943361759186, 0.25410130620002747], [0.2551943361759186, -0.2541012763977051], [-0.2551942467689514, -0.2541012763977051], [-0.2551942467689514, 0.25410130620002747]], "center": [4.470348358154297e-08, 1.4901161193847656e-08], "color": "Blue", "general_type": "structures", "detail_type": "TrashCan"}}