{"length": 1.2242071628570557, "width": 2.5249276161193848, "height": 1.6067723631858826, "mass": 10000, "filename": "Bench-ec6317d80f6444d693c30379afd716bf.glb", "foldername": null, "CLASS_NAME": "Bench-ec6317d80f6444d693c30379afd716bf.glb", "hshift": 0, "pos0": 0.0, "pos1": -0.573847234249115, "pos2": 0.6451612903225801, "scale": 1.2242074074074074, "is_building": false, "general": {"length": 1.2242071628570557, "width": 2.5249276161193848, "height": 1.6067723631858826, "bounding_box": [[0.6121035814285278, 1.2624638080596924], [0.6121035814285278, -1.2624638080596924], [-0.6121035814285278, -1.2624638080596924], [-0.6121035814285278, 1.2624638080596924]], "center": [0.0, 0.0], "color": "White", "general_type": "structures", "detail_type": "Bench"}}