{"length": 0.037996428087353706, "width": 0.7241682410240173, "height": 1.2290725111961365, "mass": 10000, "filename": "Advertising_board-f1320e411dbb4474bc41cbe4f72972a2.glb", "foldername": null, "CLASS_NAME": "Advertising_board-f1320e411dbb4474bc41cbe4f72972a2.glb", "hshift": -90.0, "pos0": 0, "pos1": 0, "pos2": 0, "scale": 9.101748148148147, "is_building": false, "general": {"length": 0.037996428087353706, "width": 0.7241682410240173, "height": 1.2290725111961365, "bounding_box": [[0.005533860996365547, 0.3620840013027191], [0.005533860996365547, -0.3620842397212982], [-0.03246256709098816, -0.3620842397212982], [-0.03246256709098816, 0.3620840013027191]], "center": [-0.013464353047311306, -1.1920928955078125e-07], "color": "Orange", "general_type": "structures", "detail_type": "Advertising_board"}}