{"length": 0.6873257756233215, "width": 2.025596857070923, "height": 1.0779999131336808, "mass": 10000, "filename": "Bench-80993e9e2d00478ca229bf35ba870b7d.glb", "foldername": null, "CLASS_NAME": "Bench-80993e9e2d00478ca229bf35ba870b7d.glb", "hshift": 90.12987012987014, "pos0": -0.00039517879486083984, "pos1": 0.12113657593727112, "pos2": 0.014265335235377208, "scale": 0.011, "is_building": false, "general": {"length": 0.6873257756233215, "width": 2.025596857070923, "height": 1.0779999131336808, "bounding_box": [[0.34366288781166077, 1.0127984285354614], [0.34366288781166077, -1.0127984285354614], [-0.34366288781166077, -1.0127984285354614], [-0.34366288781166077, 1.0127984285354614]], "center": [0.0, 0.0], "color": "Brown", "general_type": "structures", "detail_type": "Bench"}}