{"length": 2.1053466796875, "width": 1.5278260707855225, "height": 3.6554380878806114, "mass": 10000, "filename": "Telephone_booth-0fdfe616df064592b8c5ea8ed632e248.glb", "foldername": null, "CLASS_NAME": "Telephone_booth-0fdfe616df064592b8c5ea8ed632e248.glb", "hshift": 90.0, "pos0": -0.25588399171829224, "pos1": 2.9802322387695312e-08, "pos2": 0, "scale": 0.3, "is_building": false, "general": {"length": 2.1053466796875, "width": 1.5278260707855225, "height": 3.6554380878806114, "bounding_box": [[1.05267333984375, 0.7639130353927612], [1.05267333984375, -0.7639130353927612], [-1.05267333984375, -0.7639130353927612], [-1.05267333984375, 0.7639130353927612]], "center": [0.0, 0.0], "color": "Red", "general_type": "structures", "detail_type": "Telephone_booth"}}