{"length": 1.2515761852264404, "width": 2.423938274383545, "height": 1.2991042137145996, "mass": 10000, "filename": "Chair-be38157bd0b2440983c2da950bc63bf8.glb", "foldername": null, "CLASS_NAME": "Chair-be38157bd0b2440983c2da950bc63bf8.glb", "hshift": 90.0, "pos0": 0.0, "pos1": -1.1920928955078125e-07, "pos2": 0, "scale": 4.0, "is_building": false, "general": {"length": 1.2515761852264404, "width": 2.423938274383545, "height": 1.2991042137145996, "bounding_box": [[0.6257880926132202, 1.2119691371917725], [0.6257880926132202, -1.2119691371917725], [-0.6257880926132202, -1.2119691371917725], [-0.6257880926132202, 1.2119691371917725]], "center": [0.0, 0.0], "color": "Brown", "general_type": "structures", "detail_type": "Chair"}}