{"length": 45.51435852050781, "width": 157.54995727539062, "height": 72.12350833415985, "mass": 10000, "filename": "Building-f7d7b826a4da46eab908d6e64a988f9f.glb", "foldername": null, "CLASS_NAME": "Building-f7d7b826a4da46eab908d6e64a988f9f.glb", "hshift": 90.0, "pos0": 107.71314239501953, "pos1": -3.468639373779297, "pos2": 1.5834522111269607, "scale": 6.701931330472102, "is_building": false, "general": {"length": 45.51435852050781, "width": 157.54995727539062, "height": 72.12350833415985, "bounding_box": [[22.757179260253906, 78.77497863769531], [22.757179260253906, -78.77497863769531], [-22.757179260253906, -78.77497863769531], [-22.757179260253906, 78.77497863769531]], "center": [0.0, 0.0], "color": "Red", "general_type": "structures", "detail_type": "Building"}}