{"length": 6.32572078704834, "width": 3.4923346042633057, "height": 3.1494998931884766, "mass": 10000, "filename": "foodtruck-871520a4f91c483f95c279926ac524c6.glb", "foldername": null, "CLASS_NAME": "foodtruck-871520a4f91c483f95c279926ac524c6.glb", "hshift": 180.0, "pos0": 0.5793490409851074, "pos1": 0.19895964860916138, "pos2": 1.2, "scale": 1.7, "general": {"length": 6.32572078704834, "width": 3.4923346042633057, "height": 3.1494998931884766, "bounding_box": [[3.16286039352417, 1.7461673021316528], [3.16286039352417, -1.7461673021316528], [-3.16286039352417, -1.7461673021316528], [-3.16286039352417, 1.7461673021316528]], "center": [0.0, 0.0], "color": "Teal", "general_type": "structures", "detail_type": "FoodTruck"}}