{"length": 1.296690821647644, "width": 0.4958884119987488, "height": 4.136799833120412, "mass": 10000, "filename": "Lamp_post-a3c54b9fcc8c42f1be66bcd89de3151f.glb", "foldername": null, "CLASS_NAME": "Lamp_post-a3c54b9fcc8c42f1be66bcd89de3151f.glb", "hshift": 0, "pos0": -0.9079343676567078, "pos1": -0.23135494906455278, "pos2": 0, "scale": 1, "is_building": false, "general": {"length": 1.296690821647644, "width": 0.4958884119987488, "height": 4.136799833120412, "bounding_box": [[0.648345410823822, 0.2479442059993744], [0.648345410823822, -0.2479442059993744], [-0.648345410823822, -0.2479442059993744], [-0.648345410823822, 0.2479442059993744]], "center": [0.0, 0.0], "color": "Gray", "general_type": "structures", "detail_type": "Lamp_post"}}