{"length": 1.1167417764663696, "width": 1.9244842529296875, "height": 1.2521339803934097, "mass": 10000, "filename": "Bench-220423b220f246b48ea16efa74cab450.glb", "foldername": null, "CLASS_NAME": "Bench-220423b220f246b48ea16efa74cab450.glb", "hshift": 0, "pos0": 0.03736396133899689, "pos1": -1.1920928955078125e-07, "pos2": -0.32258064516129004, "scale": 0.8096, "is_building": false, "general": {"length": 1.1167417764663696, "width": 1.9244842529296875, "height": 1.2521339803934097, "bounding_box": [[0.5583708882331848, 0.9622421264648438], [0.5583708882331848, -0.9622421264648438], [-0.5583708882331848, -0.9622421264648438], [-0.5583708882331848, 0.9622421264648438]], "center": [0.0, 0.0], "color": "Black", "general_type": "structures", "detail_type": "Bench"}}