{"length": 0.4059257358312607, "width": 1.196899175643921, "height": 1.9948315620422363, "mass": 10000, "filename": "Vending_machine-431394ee886141349e187fb8dcc2307a.glb", "foldername": null, "CLASS_NAME": "Vending_machine-431394ee886141349e187fb8dcc2307a.glb", "hshift": 90.0, "pos0": 0.202962523945601, "pos1": -0.6572020947933197, "pos2": 0, "scale": 1, "is_building": false, "general": {"length": 0.4059257358312607, "width": 1.196899175643921, "height": 1.9948315620422363, "bounding_box": [[0.20296286046504974, 0.5984495282173157], [0.20296286046504974, -0.5984496474266052], [-0.20296287536621094, -0.5984496474266052], [-0.20296287536621094, 0.5984495282173157]], "center": [-7.450580596923828e-09, -5.960464477539063e-08], "color": "Gray", "general_type": "structures", "detail_type": "Vending_machine"}}