{"length": 1.359168291091919, "width": 1.5673795342445374, "height": 4.578595757484436, "mass": 10000, "filename": "Lamp_post-55434f4105444a2f933492cf3210a267.glb", "foldername": null, "CLASS_NAME": "Lamp_post-55434f4105444a2f933492cf3210a267.glb", "hshift": 0, "pos0": 0, "pos1": 0, "pos2": 0, "scale": 0.1, "is_building": false, "general": {"length": 1.359168291091919, "width": 1.5673795342445374, "height": 4.578595757484436, "bounding_box": [[0.574612021446228, 0.783693790435791], [0.574612021446228, -0.7836857438087463], [-0.7845562696456909, -0.7836857438087463], [-0.7845562696456909, 0.783693790435791]], "center": [-0.10497212409973145, 4.023313522338867e-06], "color": "White", "general_type": "structures", "detail_type": "Lamp_post"}}