{"length": 14.256756782531738, "width": 46.37674522399902, "height": 11.44929838180542, "mass": 10000, "filename": "Building-985ee9ee795740a284c3886d6b812b9e.glb", "foldername": null, "CLASS_NAME": "Building-985ee9ee795740a284c3886d6b812b9e.glb", "hshift": 90.0, "pos0": 1.3291654586791992, "pos1": 0.09175046999007463, "pos2": -2.6961483594864477, "scale": 200.0, "is_building": false, "general": {"length": 14.256756782531738, "width": 46.37674522399902, "height": 11.44929838180542, "bounding_box": [[7.128377914428711, 23.188373565673828], [7.128377914428711, -23.188371658325195], [-7.128378868103027, -23.188371658325195], [-7.128378868103027, 23.188373565673828]], "center": [-4.76837158203125e-07, 9.5367431640625e-07], "color": "Brown", "general_type": "structures", "detail_type": "Building"}}