{"length": 0.7928057909011841, "width": 2.270725727081299, "height": 1.045610249042511, "mass": 10000, "filename": "Bench-9e59bc0485594f74b75ff2191215fed2.glb", "foldername": null, "CLASS_NAME": "Bench-9e59bc0485594f74b75ff2191215fed2.glb", "hshift": -180.0, "pos0": 0.0, "pos1": 0.0, "pos2": 0.5571847507331373, "scale": 1.135362962962963, "is_building": false, "general": {"length": 0.7928057909011841, "width": 2.270725727081299, "height": 1.045610249042511, "bounding_box": [[0.39640289545059204, 1.1353628635406494], [0.39640289545059204, -1.1353628635406494], [-0.39640289545059204, -1.1353628635406494], [-0.39640289545059204, 1.1353628635406494]], "center": [0.0, 0.0], "color": "Brown", "general_type": "structures", "detail_type": "Bench"}}