{"length": 0.8120760023593903, "width": 4.060142278671265, "height": 1.0532558051345404, "mass": 10000, "filename": "Bench-9e03a70fed9741049ffd67a260017e9e.glb", "foldername": null, "CLASS_NAME": "Bench-9e03a70fed9741049ffd67a260017e9e.glb", "hshift": 90.0, "pos0": 0, "pos1": 0, "pos2": 0, "scale": 0.01, "is_building": false, "general": {"length": 0.8120760023593903, "width": 4.060142278671265, "height": 1.0532558051345404, "bounding_box": [[0.1522751748561859, 2.0515012741088867], [0.1522751748561859, -2.008641004562378], [-0.6598008275032043, -2.008641004562378], [-0.6598008275032043, 2.0515012741088867]], "center": [-0.2537628263235092, 0.021430134773254395], "color": "Brown", "general_type": "structures", "detail_type": "Bench"}}