{"length": 0.046650663018226624, "width": 0.8891066312789917, "height": 1.509009301662445, "mass": 10000, "filename": "Advertising_board-989f2b2838d9467198644b626be76d43.glb", "foldername": null, "CLASS_NAME": "Advertising_board-989f2b2838d9467198644b626be76d43.glb", "hshift": 90.0, "pos0": 0, "pos1": 0, "pos2": 0, "scale": 11.174785185185184, "is_building": false, "general": {"length": 0.046650663018226624, "width": 0.8891066312789917, "height": 1.509009301662445, "bounding_box": [[0.006794258952140808, 0.44455254077911377], [0.006794258952140808, -0.44455409049987793], [-0.039856404066085815, -0.44455409049987793], [-0.039856404066085815, 0.44455254077911377]], "center": [-0.016531072556972504, -7.748603820800781e-07], "color": "Blue", "general_type": "structures", "detail_type": "Advertising_board"}}