{"length": 1.8570253551006317, "width": 0.6317537426948547, "height": 4.171782553195953, "mass": 10000, "filename": "Lamp_post-50232fe8caaa4f6989a5fe27946c53df.glb", "foldername": null, "CLASS_NAME": "Lamp_post-50232fe8caaa4f6989a5fe27946c53df.glb", "hshift": 0, "pos0": 0, "pos1": 0, "pos2": 0.3, "scale": 3.0, "is_building": false, "general": {"length": 1.8570253551006317, "width": 0.6317537426948547, "height": 4.171782553195953, "bounding_box": [[1.5411485433578491, 0.31587693095207214], [1.5411485433578491, -0.3158768117427826], [-0.3158768117427826, -0.3158768117427826], [-0.3158768117427826, 0.31587693095207214]], "center": [0.6126358658075333, 5.960464477539063e-08], "color": "Black", "general_type": "structures", "detail_type": "Lamp_post"}}