{"length": 0.6547406911849976, "width": 1.1887073516845703, "height": 2.1413024365901947, "mass": 10000, "filename": "Vending_machine-efb393f5a3bb4bbfbe1bf5c13abb372d.glb", "foldername": null, "CLASS_NAME": "Vending_machine-efb393f5a3bb4bbfbe1bf5c13abb372d.glb", "hshift": 270.0, "pos0": 0.17437691986560822, "pos1": 0.09742116928100586, "pos2": -0.1, "scale": 0.2, "is_building": false, "general": {"length": 0.6547406911849976, "width": 1.1887073516845703, "height": 2.1413024365901947, "bounding_box": [[0.3273703455924988, 0.5943536758422852], [0.3273703455924988, -0.5943536758422852], [-0.3273703455924988, -0.5943536758422852], [-0.3273703455924988, 0.5943536758422852]], "center": [0.0, 0.0], "color": "Gray", "general_type": "structures", "detail_type": "Vending_machine"}}