{"length": 0.7248260974884033, "width": 0.7248260974884033, "height": 1.0324956711847335, "mass": 10000, "filename": "Trash_bin-d70e1d9cbef24eabbaea329896ea08a7.glb", "foldername": null, "CLASS_NAME": "Trash_bin-d70e1d9cbef24eabbaea329896ea08a7.glb", "hshift": 0, "pos0": 0, "pos1": 0, "pos2": 0, "scale": 1.2, "is_building": false, "general": {"length": 0.7248260974884033, "width": 0.7248260974884033, "height": 1.0324956711847335, "bounding_box": [[0.36241304874420166, 0.362413227558136], [0.36241304874420166, -0.36241286993026733], [-0.36241304874420166, -0.36241286993026733], [-0.36241304874420166, 0.362413227558136]], "center": [0.0, 1.7881393432617188e-07], "color": "Black", "general_type": "structures", "detail_type": "TrashCan"}}