{"length": 44.40557670593262, "width": 3.214864730834961, "height": 5.184487342834473, "mass": 10000, "filename": "Wall-026a65b989184ccb91d1359233a0cfdf.glb", "foldername": null, "CLASS_NAME": "Wall-026a65b989184ccb91d1359233a0cfdf.glb", "hshift": 180.0, "pos0": 3.5542795658111572, "pos1": 7.692223429679871, "pos2": 0, "scale": 2.0, "general": {"length": 44.40557670593262, "width": 3.214864730834961, "height": 5.184487342834473, "bounding_box": [[22.202789306640625, 1.6074323654174805], [22.202789306640625, -1.6074323654174805], [-22.202787399291992, -1.6074323654174805], [-22.202787399291992, 1.6074323654174805]], "center": [9.5367431640625e-07, 0.0], "color": "Gray", "general_type": "structures", "detail_type": "Wall"}}