{"length": 1.1167700290679932, "width": 2.8289880752563477, "height": 1.321962594985962, "mass": 10000, "filename": "Bench-a6da0dff0f9b4a5a8e821c40b370a98f.glb", "foldername": null, "CLASS_NAME": "Bench-a6da0dff0f9b4a5a8e821c40b370a98f.glb", "hshift": 180.0, "pos0": -0.019484132528305054, "pos1": -0.0020818114280700684, "pos2": 0, "scale": 0.02, "is_building": false, "general": {"length": 1.1167700290679932, "width": 2.8289880752563477, "height": 1.321962594985962, "bounding_box": [[0.5583850145339966, 1.4144940376281738], [0.5583850145339966, -1.4144940376281738], [-0.5583850145339966, -1.4144940376281738], [-0.5583850145339966, 1.4144940376281738]], "center": [0.0, 0.0], "color": "Brown", "general_type": "structures", "detail_type": "Bench"}}