{"length": 1.4188475608825684, "width": 1.408742904663086, "height": 3.715636854991317, "mass": 10000, "filename": "Telephone_booth-d1bf6285f4c4458d8128a5ece3749b96.glb", "foldername": null, "CLASS_NAME": "Telephone_booth-d1bf6285f4c4458d8128a5ece3749b96.glb", "hshift": 90.0, "pos0": 0, "pos1": 0, "pos2": 0.0, "scale": 12.249942775393418, "is_building": false, "general": {"length": 1.4188475608825684, "width": 1.408742904663086, "height": 3.715636854991317, "bounding_box": [[0.7144761085510254, 0.704371452331543], [0.7144761085510254, -0.704371452331543], [-0.704371452331543, -0.704371452331543], [-0.704371452331543, 0.704371452331543]], "center": [0.005052328109741211, 0.0], "color": "Red", "general_type": "structures", "detail_type": "Telephone_booth"}}