{"length": 1.9342659711837769, "width": 1.9677143096923828, "height": 3.820371270279054, "mass": 10000, "filename": "Telephone_booth-43b08a60ec7242dfa02a9bc031d9483b.glb", "foldername": null, "CLASS_NAME": "Telephone_booth-43b08a60ec7242dfa02a9bc031d9483b.glb", "hshift": 90.0, "pos0": 7.957220077514648e-06, "pos1": 4.3839216232299805e-05, "pos2": 0, "scale": 0.4, "is_building": false, "general": {"length": 1.9342659711837769, "width": 1.9677143096923828, "height": 3.820371270279054, "bounding_box": [[0.9671847820281982, 0.9838930368423462], [0.9671847820281982, -0.9838212728500366], [-0.9670811891555786, -0.9838212728500366], [-0.9670811891555786, 0.9838930368423462]], "center": [5.179643630981445e-05, 3.5881996154785156e-05], "color": "Blue", "general_type": "structures", "detail_type": "Telephone_booth"}}