{"length": 0.8662089705467224, "width": 2.678886890411377, "height": 1.2107400596141815, "mass": 10000, "filename": "Chair-7b637957da7a4ec3bac58cf046fd0f56.glb", "foldername": null, "CLASS_NAME": "Chair-7b637957da7a4ec3bac58cf046fd0f56.glb", "hshift": -90.0, "pos0": -0.24673306941986084, "pos1": 1.3512617945671082, "pos2": 0, "scale": 0.1, "is_building": false, "general": {"length": 0.8662089705467224, "width": 2.678886890411377, "height": 1.2107400596141815, "bounding_box": [[0.4331044852733612, 1.339443564414978], [0.4331044852733612, -1.339443325996399], [-0.4331044852733612, -1.339443325996399], [-0.4331044852733612, 1.339443564414978]], "center": [0.0, 1.1920928955078125e-07], "color": "Brown", "general_type": "structures", "detail_type": "Chair"}}