{"length": 0.7500000298023224, "width": 0.7199999094009399, "height": 1.2176572327903727, "mass": 10000, "filename": "Trash_bin-81e273d7b3fe438a89a7a25dd0903b07.glb", "foldername": null, "CLASS_NAME": "Trash_bin-81e273d7b3fe438a89a7a25dd0903b07.glb", "hshift": 90.0, "pos0": 0, "pos1": 0, "pos2": 0, "scale": 0.012, "is_building": false, "general": {"length": 0.7500000298023224, "width": 0.7199999094009399, "height": 1.2176572327903727, "bounding_box": [[0.3465922474861145, 0.3611379563808441], [0.3465922474861145, -0.3588619530200958], [-0.4034077823162079, -0.3588619530200958], [-0.4034077823162079, 0.3611379563808441]], "center": [-0.028407767415046692, 0.0011380016803741455], "color": "Green", "general_type": "structures", "detail_type": "TrashCan"}}