{"length": 1.0307917594909668, "width": 0.9172661006450653, "height": 1.2982502474769717, "mass": 10000, "filename": "Trash_bin-f16b7d84113d4cba869412ee95769910.glb", "foldername": null, "CLASS_NAME": "Trash_bin-f16b7d84113d4cba869412ee95769910.glb", "hshift": 0, "pos0": 0, "pos1": 0, "pos2": 0, "scale": 0.008, "is_building": false, "general": {"length": 1.0307917594909668, "width": 0.9172661006450653, "height": 1.2982502474769717, "bounding_box": [[0.6393292546272278, 0.45456305146217346], [0.6393292546272278, -0.46270304918289185], [-0.391462504863739, -0.46270304918289185], [-0.391462504863739, 0.45456305146217346]], "center": [0.12393337488174438, -0.004069998860359192], "color": "Gray", "general_type": "structures", "detail_type": "TrashCan"}}