{"length": 0.2533572018146515, "width": 0.9215391874313354, "height": 1.2894229888916016, "mass": 10000, "filename": "Advertising_board-4caa5186081b475d909cb8c8de9466b5.glb", "foldername": null, "CLASS_NAME": "Advertising_board-4caa5186081b475d909cb8c8de9466b5.glb", "hshift": 0.0, "pos0": -0.0682560596615076, "pos1": 0.0, "pos2": 0, "scale": 0.32457796852646636, "is_building": false, "general": {"length": 0.2533572018146515, "width": 0.9215391874313354, "height": 1.2894229888916016, "bounding_box": [[0.12667860090732574, 0.4607695937156677], [0.12667860090732574, -0.4607695937156677], [-0.12667860090732574, -0.4607695937156677], [-0.12667860090732574, 0.4607695937156677]], "center": [0.0, 0.0], "color": "Brown", "general_type": "structures", "detail_type": "Advertising_board"}}