{"length": 0.039232803508639336, "width": 0.7477309703826904, "height": 1.2690637111663818, "mass": 10000, "filename": "Advertising_board-3ef2f4608e094eb396e4c33b1de03cfc.glb", "foldername": null, "CLASS_NAME": "Advertising_board-3ef2f4608e094eb396e4c33b1de03cfc.glb", "hshift": 90.0, "pos0": 0, "pos1": 0, "pos2": 0, "scale": 9.397896296296295, "is_building": false, "general": {"length": 0.039232803508639336, "width": 0.7477309703826904, "height": 1.2690637111663818, "bounding_box": [[0.005713915452361107, 0.3738648295402527], [0.005713915452361107, -0.37386614084243774], [-0.03351888805627823, -0.37386614084243774], [-0.03351888805627823, 0.3738648295402527]], "center": [-0.013902486301958561, -6.556510925292969e-07], "color": "Black", "general_type": "structures", "detail_type": "Advertising_board"}}