{"length": 0.5623360276222229, "width": 1.4111939072608948, "height": 4.756203347817063, "mass": 10000, "filename": "Lamp_post-126574e84ac243e0a91dc169fd02ec48.glb", "foldername": null, "CLASS_NAME": "Lamp_post-126574e84ac243e0a91dc169fd02ec48.glb", "hshift": 90.0, "pos0": 0, "pos1": 0, "pos2": 0, "scale": 1, "is_building": false, "general": {"length": 0.5623360276222229, "width": 1.4111939072608948, "height": 4.756203347817063, "bounding_box": [[0.28116780519485474, 0.7087229490280151], [0.28116780519485474, -0.7024709582328796], [-0.28116822242736816, -0.7024709582328796], [-0.28116822242736816, 0.7087229490280151]], "center": [-2.086162567138672e-07, 0.003125995397567749], "color": "Black", "general_type": "structures", "detail_type": "Lamp_post"}}