{"length": 30.000001907348633, "width": 30.000001907348633, "height": 15.457367803065608, "mass": 10000, "filename": "Building-738972de7752491382457c068ab0a6ac.glb", "foldername": null, "CLASS_NAME": "Building-738972de7752491382457c068ab0a6ac.glb", "hshift": 0.0, "pos0": 0, "pos1": 0, "pos2": 0, "scale": 1.0, "is_building": false, "general": {"length": 30.000001907348633, "width": 30.000001907348633, "height": 15.457367803065608, "bounding_box": [[15.000000953674316, 15.000000953674316], [15.000000953674316, -15.000000953674316], [-15.000000953674316, -15.000000953674316], [-15.000000953674316, 15.000000953674316]], "center": [0.0, 0.0], "color": "Gray", "general_type": "structures", "detail_type": "Building"}}