{"length": 1.1801629960536957, "width": 1.428951919078827, "height": 2.594100922346115, "mass": 10000, "filename": "Advertising_board-7e44cfac32754fe0a2ad096e42b45a6c.glb", "foldername": null, "CLASS_NAME": "Advertising_board-7e44cfac32754fe0a2ad096e42b45a6c.glb", "hshift": -180.0, "pos0": 0, "pos1": 0, "pos2": -0.5571847507331373, "scale": 1, "is_building": false, "general": {"length": 1.1801629960536957, "width": 1.428951919078827, "height": 2.594100922346115, "bounding_box": [[0.8538113832473755, 0.7144759893417358], [0.8538113832473755, -0.7144759297370911], [-0.3263516128063202, -0.7144759297370911], [-0.3263516128063202, 0.7144759893417358]], "center": [0.26372988522052765, 2.9802322387695312e-08], "color": "White", "general_type": "structures", "detail_type": "Advertising_board"}}