{"length": 0.947205126285553, "width": 1.2072433233261108, "height": 1.8701176047325134, "mass": 10000, "filename": "Vending_machine-70f8f7b0d3aa4bd4b5d896f494eb1bb5.glb", "foldername": null, "CLASS_NAME": "Vending_machine-70f8f7b0d3aa4bd4b5d896f494eb1bb5.glb", "hshift": 90.0, "pos0": 0, "pos1": 0, "pos2": 0, "scale": 0.4, "is_building": false, "general": {"length": 0.947205126285553, "width": 1.2072433233261108, "height": 1.8701176047325134, "bounding_box": [[0.4788687825202942, 0.5608693957328796], [0.4788687825202942, -0.6463739275932312], [-0.4683363437652588, -0.6463739275932312], [-0.4683363437652588, 0.5608693957328796]], "center": [0.0052662193775177, -0.04275226593017578], "color": "Red", "general_type": "structures", "detail_type": "Vending_machine"}}