{"length": 0.9826211035251617, "width": 0.9695543348789215, "height": 1.7157313823699951, "mass": 10000, "filename": "TrashCan-0e0a38f2d5424c00b7ce9a121a4d4017.glb", "foldername": null, "CLASS_NAME": "TrashCan-0e0a38f2d5424c00b7ce9a121a4d4017.glb", "hshift": -90.0, "pos0": 0, "pos1": 0.0, "pos2": 0.8, "scale": 0.002, "is_building": false, "general": {"length": 0.9826211035251617, "width": 0.9695543348789215, "height": 1.7157313823699951, "bounding_box": [[0.4302879273891449, 0.48477718234062195], [0.4302879273891449, -0.48477715253829956], [-0.5523331761360168, -0.48477715253829956], [-0.5523331761360168, 0.48477718234062195]], "center": [-0.061022624373435974, 1.4901161193847656e-08], "color": "Black", "general_type": "structures", "detail_type": "TrashCan"}}