{"length": 18.026365280151367, "width": 38.55720520019531, "height": 19.923463344573975, "mass": 10000, "filename": "Building-35df908b113d4599b185cd3ffb2be740.glb", "foldername": null, "CLASS_NAME": "Building-35df908b113d4599b185cd3ffb2be740.glb", "hshift": -90.0, "pos0": -20.051989316940308, "pos1": 9.665921211242676, "pos2": 0.07132667617689137, "scale": 1.296909871244635, "is_building": false, "general": {"length": 18.026365280151367, "width": 38.55720520019531, "height": 19.923463344573975, "bounding_box": [[9.01318359375, 19.278602600097656], [9.01318359375, -19.278602600097656], [-9.013181686401367, -19.278602600097656], [-9.013181686401367, 19.278602600097656]], "center": [9.5367431640625e-07, 0.0], "color": "Red", "general_type": "structures", "detail_type": "Building"}}