{"length": 11.195581436157227, "width": 4.346879720687866, "height": 5.513610066846013, "mass": 10000, "filename": "Wall-0788f8b362a6463fa08ad75273c530ea.glb", "foldername": null, "CLASS_NAME": "Wall-0788f8b362a6463fa08ad75273c530ea.glb", "hshift": 0, "pos0": -1.9561176300048828, "pos1": 0.8334856033325195, "pos2": 0, "scale": 0.02748407385190356, "general": {"length": 11.195581436157227, "width": 4.346879720687866, "height": 5.513610066846013, "bounding_box": [[5.597790718078613, 2.1734399795532227], [5.597790718078613, -2.1734397411346436], [-5.597790718078613, -2.1734397411346436], [-5.597790718078613, 2.1734399795532227]], "center": [0.0, 1.1920928955078125e-07], "color": "White", "general_type": "structures", "detail_type": "Wall"}}