{"length": 0.23538066446781158, "width": 0.7892172932624817, "height": 1.7132423454895616, "mass": 10000, "filename": "Advertising_board-ad4575430e2241ae8a4fff46bf375987.glb", "foldername": null, "CLASS_NAME": "Advertising_board-ad4575430e2241ae8a4fff46bf375987.glb", "hshift": 90.0, "pos0": 0.0, "pos1": 0.0, "pos2": 0, "scale": 0.06922962962962963, "is_building": false, "general": {"length": 0.23538066446781158, "width": 0.7892172932624817, "height": 1.7132423454895616, "bounding_box": [[0.11769033223390579, 0.39460864663124084], [0.11769033223390579, -0.39460864663124084], [-0.11769033223390579, -0.39460864663124084], [-0.11769033223390579, 0.39460864663124084]], "center": [0.0, 0.0], "color": "Black", "general_type": "structures", "detail_type": "Advertising_board"}}