{"length": 0.6032496690750122, "width": 0.6032496690750122, "height": 5.329139988869429, "mass": 10000, "filename": "Lamp_post-e9bb977320834368ae71b10dbe913c0e.glb", "foldername": null, "CLASS_NAME": "Lamp_post-e9bb977320834368ae71b10dbe913c0e.glb", "hshift": 0, "pos0": 1.1030526161193848, "pos1": -0.045542992651462555, "pos2": 0, "scale": 0.15, "is_building": false, "general": {"length": 0.6032496690750122, "width": 0.6032496690750122, "height": 5.329139988869429, "bounding_box": [[0.3016248345375061, 0.3016248345375061], [0.3016248345375061, -0.3016248345375061], [-0.3016248345375061, -0.3016248345375061], [-0.3016248345375061, 0.3016248345375061]], "center": [0.0, 0.0], "color": "Black", "general_type": "structures", "detail_type": "Lamp_post"}}