{"length": 17.286069869995117, "width": 17.286073684692383, "height": 13.750465770865503, "mass": 10000, "filename": "Building-992ee80b8f8c4bdab78e18a93a463371.glb", "foldername": null, "CLASS_NAME": "Building-992ee80b8f8c4bdab78e18a93a463371.glb", "hshift": 180.0, "pos0": 0, "pos1": 0, "pos2": 0, "scale": 1.0, "is_building": false, "general": {"length": 17.286069869995117, "width": 17.286073684692383, "height": 13.750465770865503, "bounding_box": [[8.643034934997559, 8.643036842346191], [8.643034934997559, -8.643036842346191], [-8.643034934997559, -8.643036842346191], [-8.643034934997559, 8.643036842346191]], "center": [0.0, 0.0], "color": "Gray", "general_type": "structures", "detail_type": "Building"}}