{"length": 0.6385242938995361, "width": 0.8791584670543671, "height": 1.1009904146194458, "mass": 10000, "filename": "Advertising_board-5d0405cc87c3494a856e6fd2107e9447.glb", "foldername": null, "CLASS_NAME": "Advertising_board-5d0405cc87c3494a856e6fd2107e9447.glb", "hshift": -90.0, "pos0": -0.19419468939304352, "pos1": -7.450580596923828e-08, "pos2": 0, "scale": 1, "is_building": false, "general": {"length": 0.6385242938995361, "width": 0.8791584670543671, "height": 1.1009904146194458, "bounding_box": [[0.31926214694976807, 0.4395792484283447], [0.31926214694976807, -0.43957921862602234], [-0.31926214694976807, -0.43957921862602234], [-0.31926214694976807, 0.4395792484283447]], "center": [0.0, 1.4901161193847656e-08], "color": "Blue", "general_type": "structures", "detail_type": "Advertising_board"}}