{"length": 0.5039385557174683, "width": 0.5294995307922363, "height": 0.9855773596136714, "mass": 10000, "filename": "firerelated-d901e4ef6c55419b91a7542fefe83983.glb", "foldername": null, "CLASS_NAME": "firerelated-d901e4ef6c55419b91a7542fefe83983.glb", "hshift": 0, "pos0": 0.021446071565151215, "pos1": -0.031875744462013245, "pos2": 0.0, "scale": 0.04754701145190381, "general": {"length": 0.5039385557174683, "width": 0.5294995307922363, "height": 0.9855773596136714, "bounding_box": [[0.25196927785873413, 0.26474976539611816], [0.25196927785873413, -0.26474976539611816], [-0.25196927785873413, -0.26474976539611816], [-0.25196927785873413, 0.26474976539611816]], "center": [0.0, 0.0], "color": "Gray", "general_type": "structures", "detail_type": "FireHydrant"}}