{"length": 0.814806342124939, "width": 2.296825885772705, "height": 1.2186367141075607, "mass": 10000, "filename": "Chair-dcb057ffb7e949a7a1ec5523321d965b.glb", "foldername": null, "CLASS_NAME": "Chair-dcb057ffb7e949a7a1ec5523321d965b.glb", "hshift": 90.0, "pos0": 0, "pos1": 0, "pos2": 0, "scale": 0.010145001267416624, "is_building": false, "general": {"length": 0.814806342124939, "width": 2.296825885772705, "height": 1.2186367141075607, "bounding_box": [[0.4533509314060211, 1.1484129428863525], [0.4533509314060211, -1.1484129428863525], [-0.36145541071891785, -1.1484129428863525], [-0.36145541071891785, 1.1484129428863525]], "center": [0.045947760343551636, 0.0], "color": "Black", "general_type": "structures", "detail_type": "Chair"}}