{"length": 1.2167258262634277, "width": 1.9764641523361206, "height": 1.4042510986328125, "mass": 10000, "filename": "Bench-932ae4fca8b949a3b0d10a555ab5e893.glb", "foldername": null, "CLASS_NAME": "Bench-932ae4fca8b949a3b0d10a555ab5e893.glb", "hshift": 0, "pos0": 0.5925670750439167, "pos1": 0.0, "pos2": 0, "scale": 1.579585185185185, "is_building": false, "general": {"length": 1.2167258262634277, "width": 1.9764641523361206, "height": 1.4042510986328125, "bounding_box": [[0.6083629131317139, 0.9882320761680603], [0.6083629131317139, -0.9882320761680603], [-0.6083629131317139, -0.9882320761680603], [-0.6083629131317139, 0.9882320761680603]], "center": [0.0, 0.0], "color": "White", "general_type": "structures", "detail_type": "Bench"}}