{"length": 0.694045901298523, "width": 1.7631149291992188, "height": 0.8381852507591248, "mass": 10000, "filename": "Bench-acf643ab6a4a4ef2b894abd59aebdf4d.glb", "foldername": null, "CLASS_NAME": "Bench-acf643ab6a4a4ef2b894abd59aebdf4d.glb", "hshift": 90.12987012987014, "pos0": 0, "pos1": 0, "pos2": 0, "scale": 1, "is_building": false, "general": {"length": 0.694045901298523, "width": 1.7631149291992188, "height": 0.8381852507591248, "bounding_box": [[0.3470229506492615, 0.8817787170410156], [0.3470229506492615, -0.8813362121582031], [-0.3470229506492615, -0.8813362121582031], [-0.3470229506492615, 0.8817787170410156]], "center": [0.0, 0.00022125244140625], "color": "Brown", "general_type": "structures", "detail_type": "Bench"}}