{"length": 1.0828040838241577, "width": 2.4343762397766113, "height": 1.161392301786691, "mass": 10000, "filename": "Bench-82cadef8dfb24c0784eefff7be71610c.glb", "foldername": null, "CLASS_NAME": "Bench-82cadef8dfb24c0784eefff7be71610c.glb", "hshift": 0, "pos0": 0, "pos1": 0, "pos2": 0, "scale": 0.33576296296296293, "is_building": false, "general": {"length": 1.0828040838241577, "width": 2.4343762397766113, "height": 1.161392301786691, "bounding_box": [[0.535613477230072, 1.217208743095398], [0.535613477230072, -1.2171674966812134], [-0.5471906065940857, -1.2171674966812134], [-0.5471906065940857, 1.217208743095398]], "center": [-0.005788564682006836, 2.0623207092285156e-05], "color": "Brown", "general_type": "structures", "detail_type": "Bench"}}