{"length": 0.9906833469867706, "width": 1.8895055651664734, "height": 1.1694379448890686, "mass": 10000, "filename": "Bench-1b70102941ba4d49a60c5594e990185e.glb", "foldername": null, "CLASS_NAME": "Bench-1b70102941ba4d49a60c5594e990185e.glb", "hshift": 137.4025974025974, "pos0": -3.520557940006256, "pos1": -7.781707346439362, "pos2": -0.24251069900142674, "scale": 3.584749642346208, "is_building": false, "general": {"length": 0.9906833469867706, "width": 1.8895055651664734, "height": 1.1694379448890686, "bounding_box": [[0.4953417479991913, 0.9447528719902039], [0.4953417479991913, -0.9447526931762695], [-0.49534159898757935, -0.9447526931762695], [-0.49534159898757935, 0.9447528719902039]], "center": [7.450580596923828e-08, 8.940696716308594e-08], "color": "Brown", "general_type": "structures", "detail_type": "Bench"}}