{"length": 0.7646711468696594, "width": 0.7579091191291809, "height": 1.0495277047157288, "mass": 10000, "filename": "Trash_bin-b555371c60fd4dc1879f6fb34cae240c.glb", "foldername": null, "CLASS_NAME": "Trash_bin-b555371c60fd4dc1879f6fb34cae240c.glb", "hshift": 0, "pos0": 0, "pos1": 0, "pos2": 0.5563480741797413, "scale": 0.524763948497854, "is_building": false, "general": {"length": 0.7646711468696594, "width": 0.7579091191291809, "height": 1.0495277047157288, "bounding_box": [[0.3823355734348297, 0.37895455956459045], [0.3823355734348297, -0.37895455956459045], [-0.3823355734348297, -0.37895455956459045], [-0.3823355734348297, 0.37895455956459045]], "center": [0.0, 0.0], "color": "Black", "general_type": "structures", "detail_type": "TrashCan"}}