{"length": 0.04172137193381786, "width": 0.6749665141105652, "height": 1.145091712474823, "mass": 10000, "filename": "Advertising_board-aefef47ae9a948328556a4080cb996a6.glb", "foldername": null, "CLASS_NAME": "Advertising_board-aefef47ae9a948328556a4080cb996a6.glb", "hshift": -90.53892215568862, "pos0": 0, "pos1": 0, "pos2": -0.029325513196480912, "scale": 8.479837037037036, "is_building": false, "general": {"length": 0.04172137193381786, "width": 0.6749665141105652, "height": 1.145091712474823, "bounding_box": [[0.03340452164411545, 0.33736586570739746], [0.03340452164411545, -0.3376006484031677], [-0.008316850289702415, -0.3376006484031677], [-0.008316850289702415, 0.33736586570739746]], "center": [0.012543835677206516, -0.00011739134788513184], "color": "Black", "general_type": "structures", "detail_type": "Advertising_board"}}