{"length": 1.6204290390014648, "width": 2.125983715057373, "height": 1.3280054642137742, "mass": 10000, "filename": "Chair-1dffe12a2d4747d6bf030c69f3c71ac4.glb", "foldername": null, "CLASS_NAME": "Chair-1dffe12a2d4747d6bf030c69f3c71ac4.glb", "hshift": 90.0, "pos0": 0.739243745803833, "pos1": 2.384185791015625e-07, "pos2": 0.0, "scale": 0.03, "is_building": false, "general": {"length": 1.6204290390014648, "width": 2.125983715057373, "height": 1.3280054642137742, "bounding_box": [[0.8102145195007324, 1.0629916191101074], [0.8102145195007324, -1.0629920959472656], [-0.8102145195007324, -1.0629920959472656], [-0.8102145195007324, 1.0629916191101074]], "center": [0.0, -2.384185791015625e-07], "color": "Brown", "general_type": "structures", "detail_type": "Chair"}}