{"length": 16.04365348815918, "width": 17.511591911315918, "height": 22.963170051574707, "mass": 10000, "filename": "Building-234942f51b8d4405a7370b56aa182e2f.glb", "foldername": null, "CLASS_NAME": "Building-234942f51b8d4405a7370b56aa182e2f.glb", "hshift": -90.00090909090908, "pos0": -2.0265579223632812e-06, "pos1": -0.05175638198852539, "pos2": 0, "scale": 1.0, "is_building": false, "general": {"length": 16.04365348815918, "width": 17.511591911315918, "height": 22.963170051574707, "bounding_box": [[8.02182674407959, 8.743851661682129], [8.02182674407959, -8.767740249633789], [-8.02182674407959, -8.767740249633789], [-8.02182674407959, 8.743851661682129]], "center": [0.0, -0.011944293975830078], "color": "Gray", "general_type": "structures", "detail_type": "Building"}}