{"length": 0.9282062649726868, "width": 1.7896676063537598, "height": 1.254193943925202, "mass": 10000, "filename": "Bench-eb5257dc531847dfbe00c8a1900b6d40.glb", "foldername": null, "CLASS_NAME": "Bench-eb5257dc531847dfbe00c8a1900b6d40.glb", "hshift": -180.0, "pos0": 1.1261641681194305, "pos1": -0.0949108898639679, "pos2": 0, "scale": 1.3130518518518517, "is_building": false, "general": {"length": 0.9282062649726868, "width": 1.7896676063537598, "height": 1.254193943925202, "bounding_box": [[0.46410316228866577, 0.8948338031768799], [0.46410316228866577, -0.8948338031768799], [-0.464103102684021, -0.8948338031768799], [-0.464103102684021, 0.8948338031768799]], "center": [2.9802322387695312e-08, 0.0], "color": "Black", "general_type": "structures", "detail_type": "Bench"}}