{"length": 0.9081990718841553, "width": 0.9999998211860657, "height": 2.2705168202519417, "mass": 10000, "filename": "Vending_machine-fa0f89663cc941e0989532d718f909bd.glb", "foldername": null, "CLASS_NAME": "Vending_machine-fa0f89663cc941e0989532d718f909bd.glb", "hshift": 90.0, "pos0": -0.1023884266614914, "pos1": -0.04959699511528015, "pos2": 0, "scale": 0.01, "is_building": false, "general": {"length": 0.9081990718841553, "width": 0.9999998211860657, "height": 2.2705168202519417, "bounding_box": [[0.45409953594207764, 0.49999991059303284], [0.45409953594207764, -0.49999991059303284], [-0.45409953594207764, -0.49999991059303284], [-0.45409953594207764, 0.49999991059303284]], "center": [0.0, 0.0], "color": "Orange", "general_type": "structures", "detail_type": "Vending_machine"}}