{"length": 0.8372135162353516, "width": 0.6809549331665039, "height": 2.555765346623957, "mass": 10000, "filename": "Telephone_booth-993b70f1fb2540d4b3f9711ff457e04e.glb", "foldername": null, "CLASS_NAME": "Telephone_booth-993b70f1fb2540d4b3f9711ff457e04e.glb", "hshift": 90.0, "pos0": -14.739907264709473, "pos1": -5.177109241485596, "pos2": 0, "scale": 0.015, "is_building": false, "general": {"length": 0.8372135162353516, "width": 0.6809549331665039, "height": 2.555765346623957, "bounding_box": [[0.4186067581176758, 0.34047746658325195], [0.4186067581176758, -0.34047746658325195], [-0.4186067581176758, -0.34047746658325195], [-0.4186067581176758, 0.34047746658325195]], "center": [0.0, 0.0], "color": "Orange", "general_type": "structures", "detail_type": "Telephone_booth"}}