{"length": 0.6602475941181183, "width": 0.6961697936058044, "height": 0.9010600447654724, "mass": 10000, "filename": "Trash_bin-13255497c58745ffa04f84608fa76ea3.glb", "foldername": null, "CLASS_NAME": "Trash_bin-13255497c58745ffa04f84608fa76ea3.glb", "hshift": 0, "pos0": 0, "pos1": 0, "pos2": 0.5278174037089869, "scale": 0.3817739628040057, "is_building": false, "general": {"length": 0.6602475941181183, "width": 0.6961697936058044, "height": 0.9010600447654724, "bounding_box": [[0.3123694062232971, 0.3468068242073059], [0.3123694062232971, -0.34936296939849854], [-0.34787818789482117, -0.34936296939849854], [-0.34787818789482117, 0.3468068242073059]], "center": [-0.017754390835762024, -0.0012780725955963135], "color": "White", "general_type": "structures", "detail_type": "TrashCan"}}