{"length": 1.219495952129364, "width": 1.9923562407493591, "height": 1.4766185879707336, "mass": 10000, "filename": "Chair-9aecdbb725e84a1ab77642aa7767b383.glb", "foldername": null, "CLASS_NAME": "Chair-9aecdbb725e84a1ab77642aa7767b383.glb", "hshift": 90.0, "pos0": 0, "pos1": 0, "pos2": 0.5, "scale": 0.3, "is_building": false, "general": {"length": 1.219495952129364, "width": 1.9923562407493591, "height": 1.4766185879707336, "bounding_box": [[0.7119873762130737, 0.996178150177002], [0.7119873762130737, -0.9961780905723572], [-0.5075085759162903, -0.9961780905723572], [-0.5075085759162903, 0.996178150177002]], "center": [0.10223940014839172, 2.9802322387695312e-08], "color": "Brown", "general_type": "structures", "detail_type": "Chair"}}