{"length": 0.033422134816646576, "width": 0.636986494064331, "height": 1.0811060667037964, "mass": 10000, "filename": "Advertising_board-a8f7eefd555e4b74b9e2f4e84ef42d10.glb", "foldername": null, "CLASS_NAME": "Advertising_board-a8f7eefd555e4b74b9e2f4e84ef42d10.glb", "hshift": 90.0, "pos0": 0, "pos1": 0, "pos2": 0, "scale": 8.006, "is_building": false, "general": {"length": 0.033422134816646576, "width": 0.636986494064331, "height": 1.0811060667037964, "bounding_box": [[0.028554461896419525, 0.3184933364391327], [0.028554461896419525, -0.31849315762519836], [-0.004867672920227051, -0.31849315762519836], [-0.004867672920227051, 0.3184933364391327]], "center": [0.011843394488096237, 8.940696716308594e-08], "color": "White", "general_type": "structures", "detail_type": "Advertising_board"}}