{"length": 18.249563217163086, "width": 18.19845962524414, "height": 15.209761828184128, "mass": 10000, "filename": "Building-af72abe84fa042c6b19cae960abf04ab.glb", "foldername": null, "CLASS_NAME": "Building-af72abe84fa042c6b19cae960abf04ab.glb", "hshift": -45.97402597402598, "pos0": -5.76269476083818, "pos1": 6.086288213729858, "pos2": 0, "scale": 0.2, "is_building": false, "general": {"length": 18.249563217163086, "width": 18.19845962524414, "height": 15.209761828184128, "bounding_box": [[9.124780654907227, 9.09922981262207], [9.124780654907227, -9.09922981262207], [-9.12478256225586, -9.09922981262207], [-9.12478256225586, 9.09922981262207]], "center": [-9.5367431640625e-07, 0.0], "color": "Brown", "general_type": "structures", "detail_type": "Building"}}