{"length": 0.7966569662094116, "width": 1.2798956632614136, "height": 1.6683012247085571, "mass": 10000, "filename": "Vending_machine-1f698b4d051f46d282b6c6a044b50e0a.glb", "foldername": null, "CLASS_NAME": "Vending_machine-1f698b4d051f46d282b6c6a044b50e0a.glb", "hshift": 90.0, "pos0": 0.0, "pos1": 0.0, "pos2": 0, "scale": 0.2, "is_building": false, "general": {"length": 0.7966569662094116, "width": 1.2798956632614136, "height": 1.6683012247085571, "bounding_box": [[0.3983284831047058, 0.6399478316307068], [0.3983284831047058, -0.6399478316307068], [-0.3983284831047058, -0.6399478316307068], [-0.3983284831047058, 0.6399478316307068]], "center": [0.0, 0.0], "color": "Blue", "general_type": "structures", "detail_type": "Vending_machine"}}