{"length": 1.0008370280265808, "width": 1.0008370280265808, "height": 1.470983862876892, "mass": 10000, "filename": "Trash_bin-cdb190c53a7c4507b51bd36d00f674aa.glb", "foldername": null, "CLASS_NAME": "Trash_bin-cdb190c53a7c4507b51bd36d00f674aa.glb", "hshift": 180.0, "pos0": -2.086162567138672e-07, "pos1": 2.8864630609750748, "pos2": 0.813124108416547, "scale": 0.03, "is_building": false, "general": {"length": 1.0008370280265808, "width": 1.0008370280265808, "height": 1.470983862876892, "bounding_box": [[0.5004185438156128, 0.5004186034202576], [0.5004185438156128, -0.5004184246063232], [-0.500418484210968, -0.5004184246063232], [-0.500418484210968, 0.5004186034202576]], "center": [2.9802322387695312e-08, 8.940696716308594e-08], "color": "Green", "general_type": "structures", "detail_type": "TrashCan"}}