{"length": 1.0277848839759827, "width": 2.0838478803634644, "height": 1.3049033284187317, "mass": 10000, "filename": "Chair-1b70102941ba4d49a60c5594e990185e.glb", "foldername": null, "CLASS_NAME": "Chair-1b70102941ba4d49a60c5594e990185e.glb", "hshift": 135.0, "pos0": -4.288769990205765, "pos1": -8.506986320018768, "pos2": 0, "scale": 4.0, "is_building": false, "general": {"length": 1.0277848839759827, "width": 2.0838478803634644, "height": 1.3049033284187317, "bounding_box": [[0.5138920545578003, 1.0419232845306396], [0.5138920545578003, -1.0419245958328247], [-0.5138928294181824, -1.0419245958328247], [-0.5138928294181824, 1.0419232845306396]], "center": [-3.8743019104003906e-07, -6.556510925292969e-07], "color": "Brown", "general_type": "structures", "detail_type": "Chair"}}