{"length": 0.04627976380288601, "width": 0.8820378184318542, "height": 1.4970118403434753, "mass": 10000, "filename": "Advertising_board-de8f23c2a23a42eead89db9aadc5f12d.glb", "foldername": null, "CLASS_NAME": "Advertising_board-de8f23c2a23a42eead89db9aadc5f12d.glb", "hshift": 90.0, "pos0": 0, "pos1": 0, "pos2": 0, "scale": 11.085940740740739, "is_building": false, "general": {"length": 0.04627976380288601, "width": 0.8820378184318542, "height": 1.4970118403434753, "bounding_box": [[0.006740240380167961, 0.44101813435554504], [0.006740240380167961, -0.4410196840763092], [-0.03953952342271805, -0.4410196840763092], [-0.03953952342271805, 0.44101813435554504]], "center": [-0.016399641521275043, -7.748603820800781e-07], "color": "Orange", "general_type": "structures", "detail_type": "Advertising_board"}}