{"length": 0.6342728137969971, "width": 0.920007050037384, "height": 1.399999737739563, "mass": 10000, "filename": "Mailbox-ca4040f4585b4fd6b24cf5163e6b1970.glb", "foldername": null, "CLASS_NAME": "Mailbox-ca4040f4585b4fd6b24cf5163e6b1970.glb", "hshift": 90.0, "pos0": 0.0, "pos1": 0.0, "pos2": 0.7, "scale": 0.7, "is_building": false, "general": {"length": 0.6342728137969971, "width": 0.920007050037384, "height": 1.399999737739563, "bounding_box": [[0.31713640689849854, 0.460003525018692], [0.31713640689849854, -0.460003525018692], [-0.31713640689849854, -0.460003525018692], [-0.31713640689849854, 0.460003525018692]], "center": [0.0, 0.0], "color": "Blue", "general_type": "structures", "detail_type": "Mailbox"}}