{"length": 1.0000001192092896, "width": 0.8999999165534973, "height": 1.2848094701766968, "mass": 10000, "filename": "Trash_bin-ea947728c46f40ffbbe95f0f2d7dd6d9.glb", "foldername": null, "CLASS_NAME": "Trash_bin-ea947728c46f40ffbbe95f0f2d7dd6d9.glb", "hshift": 90.0, "pos0": 0, "pos1": 0, "pos2": 0.3851640513552077, "scale": 0.05, "is_building": false, "general": {"length": 1.0000001192092896, "width": 0.8999999165534973, "height": 1.2848094701766968, "bounding_box": [[0.5000000596046448, 0.44999995827674866], [0.5000000596046448, -0.44999995827674866], [-0.5000000596046448, -0.44999995827674866], [-0.5000000596046448, 0.44999995827674866]], "center": [0.0, 0.0], "color": "Blue", "general_type": "structures", "detail_type": "TrashCan"}}