{"length": 1.251704454421997, "width": 1.4463393688201904, "height": 6.0323081113165244, "mass": 10000, "filename": "Lamp_post-7664695f05234c409e27afba756d3a1c.glb", "foldername": null, "CLASS_NAME": "Lamp_post-7664695f05234c409e27afba756d3a1c.glb", "hshift": 0, "pos0": -0.06793931126594543, "pos1": -0.0005957186222076416, "pos2": 0, "scale": 0.02, "is_building": false, "general": {"length": 1.251704454421997, "width": 1.4463393688201904, "height": 6.0323081113165244, "bounding_box": [[0.6258522272109985, 0.7231696844100952], [0.6258522272109985, -0.7231696844100952], [-0.6258522272109985, -0.7231696844100952], [-0.6258522272109985, 0.7231696844100952]], "center": [0.0, 0.0], "color": "Black", "general_type": "structures", "detail_type": "Lamp_post"}}