{"length": 23.99999237060547, "width": 9.999998092651367, "height": 4.6674220814934415, "mass": 10000, "filename": "Wall-0cbf546419cf499cbabfee3af0916215.glb", "foldername": null, "CLASS_NAME": "Wall-0cbf546419cf499cbabfee3af0916215.glb", "hshift": 0, "pos0": 0.0, "pos1": -2.9999987185001373, "pos2": 0, "scale": 2.0, "general": {"length": 23.99999237060547, "width": 9.999998092651367, "height": 4.6674220814934415, "bounding_box": [[11.999996185302734, 4.999999046325684], [11.999996185302734, -4.999999046325684], [-11.999996185302734, -4.999999046325684], [-11.999996185302734, 4.999999046325684]], "center": [0.0, 0.0], "color": "Brown", "general_type": "structures", "detail_type": "Wall"}}