{"length": 0.7590558528900146, "width": 0.7657009363174438, "height": 0.9999999403953552, "mass": 10000, "filename": "Trash_bin-a9ec83449cb54f56852f6090e45c682a.glb", "foldername": null, "CLASS_NAME": "Trash_bin-a9ec83449cb54f56852f6090e45c682a.glb", "hshift": 0, "pos0": 0, "pos1": 0, "pos2": 0.4992867332382307, "scale": 0.5, "is_building": false, "general": {"length": 0.7590558528900146, "width": 0.7657009363174438, "height": 0.9999999403953552, "bounding_box": [[0.3795279264450073, 0.3828504681587219], [0.3795279264450073, -0.3828504681587219], [-0.3795279264450073, -0.3828504681587219], [-0.3795279264450073, 0.3828504681587219]], "center": [0.0, 0.0], "color": "Gray", "general_type": "structures", "detail_type": "TrashCan"}}