{"length": 0.8926826119422913, "width": 0.821306586265564, "height": 1.236741938590999, "mass": 10000, "filename": "Trash_bin-c0a78b0c02f046cbb770837cfd7d748f.glb", "foldername": null, "CLASS_NAME": "Trash_bin-c0a78b0c02f046cbb770837cfd7d748f.glb", "hshift": 0, "pos0": 0, "pos1": 0, "pos2": 0, "scale": 0.01, "is_building": false, "general": {"length": 0.8926826119422913, "width": 0.821306586265564, "height": 1.236741938590999, "bounding_box": [[0.467353492975235, 0.4106534421443939], [0.467353492975235, -0.41065314412117004], [-0.4253291189670563, -0.41065314412117004], [-0.4253291189670563, 0.4106534421443939]], "center": [0.021012187004089355, 1.4901161193847656e-07], "color": "Black", "general_type": "structures", "detail_type": "TrashCan"}}