{"length": 1.046953797340393, "width": 2.2419047355651855, "height": 1.5465109050273895, "mass": 10000, "filename": "Bench-39ee5c499030472ca7460f3b03077135.glb", "foldername": null, "CLASS_NAME": "Bench-39ee5c499030472ca7460f3b03077135.glb", "hshift": 90.0, "pos0": 0.00907069444656372, "pos1": 1.1920928955078125e-07, "pos2": 0, "scale": 0.7535479256080114, "is_building": false, "general": {"length": 1.046953797340393, "width": 2.2419047355651855, "height": 1.5465109050273895, "bounding_box": [[0.5234768986701965, 1.1209523677825928], [0.5234768986701965, -1.1209523677825928], [-0.5234768986701965, -1.1209523677825928], [-0.5234768986701965, 1.1209523677825928]], "center": [0.0, 0.0], "color": "Brown", "general_type": "structures", "detail_type": "Bench"}}