{"length": 0.037749205715954304, "width": 0.7194557189941406, "height": 1.2210744619369507, "mass": 10000, "filename": "Advertising_board-8ea410084b54404bad4b2bcf1e4473ad.glb", "foldername": null, "CLASS_NAME": "Advertising_board-8ea410084b54404bad4b2bcf1e4473ad.glb", "hshift": 90.0, "pos0": 0, "pos1": 0, "pos2": 0.0, "scale": 9.042518518518518, "is_building": false, "general": {"length": 0.037749205715954304, "width": 0.7194557189941406, "height": 1.2210744619369507, "bounding_box": [[0.03225133568048477, 0.35972797870635986], [0.03225133568048477, -0.35972774028778076], [-0.005497870035469532, -0.35972774028778076], [-0.005497870035469532, 0.35972797870635986]], "center": [0.01337673282250762, 1.1920928955078125e-07], "color": "Orange", "general_type": "structures", "detail_type": "Advertising_board"}}