{"length": 0.9756975173950195, "width": 2.7053871154785156, "height": 1.2090351283550262, "mass": 10000, "filename": "Chair-26c89011fdbe4f3d8da663dd2ad7887a.glb", "foldername": null, "CLASS_NAME": "Chair-26c89011fdbe4f3d8da663dd2ad7887a.glb", "hshift": 90.0, "pos0": -1.515205442905426, "pos1": 1.1920928955078125e-07, "pos2": 0, "scale": 0.5, "is_building": false, "general": {"length": 0.9756975173950195, "width": 2.7053871154785156, "height": 1.2090351283550262, "bounding_box": [[0.4878489375114441, 1.3526935577392578], [0.4878489375114441, -1.3526935577392578], [-0.48784857988357544, -1.3526935577392578], [-0.48784857988357544, 1.3526935577392578]], "center": [1.7881393432617188e-07, 0.0], "color": "Brown", "general_type": "structures", "detail_type": "Chair"}}