{"length": 1.2102090120315552, "width": 2.384198307991028, "height": 1.2882833182811737, "mass": 10000, "filename": "Chair-3f3ee423cbc245d98f0a93ec773680f5.glb", "foldername": null, "CLASS_NAME": "Chair-3f3ee423cbc245d98f0a93ec773680f5.glb", "hshift": 90.0, "pos0": 0, "pos1": 0, "pos2": 0.4, "scale": 0.004, "is_building": false, "general": {"length": 1.2102090120315552, "width": 2.384198307991028, "height": 1.2882833182811737, "bounding_box": [[0.602450430393219, 1.1920990943908691], [0.602450430393219, -1.1920992136001587], [-0.6077585816383362, -1.1920992136001587], [-0.6077585816383362, 1.1920990943908691]], "center": [-0.0026540756225585938, -5.960464477539063e-08], "color": "Brown", "general_type": "structures", "detail_type": "Chair"}}