{"length": 15.712730407714844, "width": 38.20595169067383, "height": 26.41150394418071, "mass": 10000, "filename": "Building-05229ac1d1f94e6c8cacaad91110c602.glb", "foldername": null, "CLASS_NAME": "Building-05229ac1d1f94e6c8cacaad91110c602.glb", "hshift": 0.000584415584419, "pos0": 7.027026176452637, "pos1": -0.012282371520996094, "pos2": 0, "scale": 23.0, "is_building": false, "general": {"length": 15.712730407714844, "width": 38.20595169067383, "height": 26.41150394418071, "bounding_box": [[7.856366157531738, 19.10297393798828], [7.856366157531738, -19.102977752685547], [-7.8563642501831055, -19.102977752685547], [-7.8563642501831055, 19.10297393798828]], "center": [9.5367431640625e-07, -1.9073486328125e-06], "color": "Gray", "general_type": "structures", "detail_type": "Building"}}