{"length": 0.722091794013977, "width": 0.7220919132232666, "height": 1.293593303249775, "mass": 10000, "filename": "firerelated-7595589f732245ac9b2ddae0ef931868.glb", "foldername": null, "CLASS_NAME": "firerelated-7595589f732245ac9b2ddae0ef931868.glb", "hshift": 0, "pos0": 0.0, "pos1": 0.0, "pos2": 0, "scale": 1.2238036332489715, "general": {"length": 0.722091794013977, "width": 0.7220919132232666, "height": 1.293593303249775, "bounding_box": [[0.3610458970069885, 0.3610459566116333], [0.3610458970069885, -0.3610459566116333], [-0.3610458970069885, -0.3610459566116333], [-0.3610458970069885, 0.3610459566116333]], "center": [0.0, 0.0], "color": "Red", "general_type": "structures", "detail_type": "FireHydrant"}}