{"length": 22.36100673675537, "width": 51.13079833984375, "height": 24.797595739364624, "mass": 10000, "filename": "Building-0303c1cccb2e4546845b4581dca7e8f5.glb", "foldername": null, "CLASS_NAME": "Building-0303c1cccb2e4546845b4581dca7e8f5.glb", "hshift": -90.00142857142858, "pos0": -1.1836318969726562, "pos1": -17.489404797554016, "pos2": 4.7503566333808855, "scale": 7.0, "is_building": false, "general": {"length": 22.36100673675537, "width": 51.13079833984375, "height": 24.797595739364624, "bounding_box": [[11.180502891540527, 25.565399169921875], [11.180502891540527, -25.565399169921875], [-11.180503845214844, -25.565399169921875], [-11.180503845214844, 25.565399169921875]], "center": [-4.76837158203125e-07, 0.0], "color": "Brown", "general_type": "structures", "detail_type": "Building"}}