{"length": 0.8137931227684021, "width": 3.2505722045898438, "height": 1.381947670597583, "mass": 10000, "filename": "Bench-a8a26f771d5845f092e71371a6e30566.glb", "foldername": null, "CLASS_NAME": "Bench-a8a26f771d5845f092e71371a6e30566.glb", "hshift": 90.53892215568862, "pos0": 0, "pos1": 0, "pos2": 0, "scale": 0.13, "is_building": false, "general": {"length": 0.8137931227684021, "width": 3.2505722045898438, "height": 1.381947670597583, "bounding_box": [[0.40689656138420105, 1.6252875328063965], [0.40689656138420105, -1.6252846717834473], [-0.40689656138420105, -1.6252846717834473], [-0.40689656138420105, 1.6252875328063965]], "center": [0.0, 1.430511474609375e-06], "color": "Brown", "general_type": "structures", "detail_type": "Bench"}}