{"length": 0.5385162830352783, "width": 1.081477165222168, "height": 2.067531108856201, "mass": 10000, "filename": "Vending_machine-72ce292e1bd945aea580d223c75a870e.glb", "foldername": null, "CLASS_NAME": "Vending_machine-72ce292e1bd945aea580d223c75a870e.glb", "hshift": 0.0, "pos0": 0.0, "pos1": 0.0, "pos2": 1.0, "scale": 0.5, "is_building": false, "general": {"length": 0.5385162830352783, "width": 1.081477165222168, "height": 2.067531108856201, "bounding_box": [[0.26925814151763916, 0.540738582611084], [0.26925814151763916, -0.540738582611084], [-0.26925814151763916, -0.540738582611084], [-0.26925814151763916, 0.540738582611084]], "center": [0.0, 0.0], "color": "Gray", "general_type": "structures", "detail_type": "Vending_machine"}}