{"length": 69.80235290527344, "width": 52.93349838256836, "height": 27.83783721923828, "mass": 10000, "filename": "Building-0a2b279c723c4a8a848a816430027bed.glb", "foldername": null, "CLASS_NAME": "Building-0a2b279c723c4a8a848a816430027bed.glb", "hshift": 106.75324675324674, "pos0": -29.606231927871704, "pos1": 20.41611623764038, "pos2": -23.8, "scale": 1.2, "is_building": false, "general": {"length": 69.80235290527344, "width": 52.93349838256836, "height": 27.83783721923828, "bounding_box": [[34.90117645263672, 26.46674919128418], [34.90117645263672, -26.46674919128418], [-34.90117645263672, -26.46674919128418], [-34.90117645263672, 26.46674919128418]], "center": [0.0, 0.0], "color": "White", "general_type": "structures", "detail_type": "Building"}}