{"length": 0.9933886528015137, "width": 0.8567563593387604, "height": 2.2606520638801157, "mass": 10000, "filename": "TrashCan-6be8f9bde1bd4977b07c6440e4a5c51c.glb", "foldername": null, "CLASS_NAME": "TrashCan-6be8f9bde1bd4977b07c6440e4a5c51c.glb", "hshift": 0, "pos0": 0, "pos1": 0, "pos2": 0, "scale": 0.011, "is_building": false, "general": {"length": 0.9933886528015137, "width": 0.8567563593387604, "height": 2.2606520638801157, "bounding_box": [[0.5547119379043579, 0.42618849873542786], [0.5547119379043579, -0.4305678606033325], [-0.43867671489715576, -0.4305678606033325], [-0.43867671489715576, 0.42618849873542786]], "center": [0.058017611503601074, -0.0021896809339523315], "color": "Blue", "general_type": "structures", "detail_type": "TrashCan"}}