{"length": 0.970653623342514, "width": 1.5858091115951538, "height": 1.175309419631958, "mass": 10000, "filename": "Bench-9aecdbb725e84a1ab77642aa7767b383.glb", "foldername": null, "CLASS_NAME": "Bench-9aecdbb725e84a1ab77642aa7767b383.glb", "hshift": 90.0, "pos0": 0.0, "pos1": 0.11061549186706543, "pos2": 0.4707560627674745, "scale": 0.23878397711015736, "is_building": false, "general": {"length": 0.970653623342514, "width": 1.5858091115951538, "height": 1.175309419631958, "bounding_box": [[0.5667039155960083, 0.9035200476646423], [0.5667039155960083, -0.6822890639305115], [-0.40394970774650574, -0.6822890639305115], [-0.40394970774650574, 0.9035200476646423]], "center": [0.08137710392475128, 0.11061549186706543], "color": "Brown", "general_type": "structures", "detail_type": "Bench"}}