{"length": 16.852619171142578, "width": 20.085320472717285, "height": 32.16176223754883, "mass": 10000, "filename": "Building-694adf5094fa41f99a245ed822293f47.glb", "foldername": null, "CLASS_NAME": "Building-694adf5094fa41f99a245ed822293f47.glb", "hshift": 90.00098701298701, "pos0": 0.22130060195922852, "pos1": -1.9696459770202637, "pos2": 0, "scale": 1.2, "is_building": false, "general": {"length": 16.852619171142578, "width": 20.085320472717285, "height": 32.16176223754883, "bounding_box": [[8.426309585571289, 10.042659759521484], [8.426309585571289, -10.0426607131958], [-8.426309585571289, -10.0426607131958], [-8.426309585571289, 10.042659759521484]], "center": [0.0, -4.76837158203125e-07], "color": "Gray", "general_type": "structures", "detail_type": "Building"}}