{"length": 15.698530673980713, "width": 34.46052551269531, "height": 15.009348168969154, "mass": 10000, "filename": "Building-845ebddd346047a4aa0fc26ca06797fd.glb", "foldername": null, "CLASS_NAME": "Building-845ebddd346047a4aa0fc26ca06797fd.glb", "hshift": 0.0, "pos0": -0.01453578897277552, "pos1": -4.329805850982666, "pos2": 0, "scale": 2.212045779685264, "is_building": false, "general": {"length": 15.698530673980713, "width": 34.46052551269531, "height": 15.009348168969154, "bounding_box": [[7.849265098571777, 17.230262756347656], [7.849265098571777, -17.230262756347656], [-7.8492655754089355, -17.230262756347656], [-7.8492655754089355, 17.230262756347656]], "center": [-2.384185791015625e-07, 0.0], "color": "Brown", "general_type": "structures", "detail_type": "Building"}}