{"length": 1.7950176000595093, "width": 1.7950750589370728, "height": 3.59999942779541, "mass": 10000, "filename": "Telephone_booth-cc60dbdf82b84c9a987d92928b8df29d.glb", "foldername": null, "CLASS_NAME": "Telephone_booth-cc60dbdf82b84c9a987d92928b8df29d.glb", "hshift": -90.0, "pos0": 0.0, "pos1": 0.0, "pos2": 1.7546362339514978, "scale": 1.8, "is_building": false, "general": {"length": 1.7950176000595093, "width": 1.7950750589370728, "height": 3.59999942779541, "bounding_box": [[0.8975088000297546, 0.8975375294685364], [0.8975088000297546, -0.8975375294685364], [-0.8975088000297546, -0.8975375294685364], [-0.8975088000297546, 0.8975375294685364]], "center": [0.0, 0.0], "color": "Blue", "general_type": "structures", "detail_type": "Telephone_booth"}}