{"length": 0.5091725587844849, "width": 0.5242655277252197, "height": 1.1161651831949086, "mass": 10000, "filename": "firerelated-f05b0c2f9bcf41cea188a4b4c848068a.glb", "foldername": null, "CLASS_NAME": "firerelated-f05b0c2f9bcf41cea188a4b4c848068a.glb", "hshift": 0, "pos0": -0.04306881129741669, "pos1": -0.05061572045087814, "pos2": 0, "scale": 0.013666391648067636, "general": {"length": 0.5091725587844849, "width": 0.5242655277252197, "height": 1.1161651831949086, "bounding_box": [[0.25458627939224243, 0.26213276386260986], [0.25458627939224243, -0.26213276386260986], [-0.25458627939224243, -0.26213276386260986], [-0.25458627939224243, 0.26213276386260986]], "center": [0.0, 0.0], "color": "White", "general_type": "structures", "detail_type": "FireHydrant"}}