{"length": 0.055872976779937744, "width": 0.5802826583385468, "height": 1.9410885953111574, "mass": 10000, "filename": "Advertising_board-663d47d377394acd9b1f657334f78ee6.glb", "foldername": null, "CLASS_NAME": "Advertising_board-663d47d377394acd9b1f657334f78ee6.glb", "hshift": 90.0, "pos0": -0.0019091665744781494, "pos1": -0.29341829661279917, "pos2": 0, "scale": 0.06922962962962963, "is_building": false, "general": {"length": 0.055872976779937744, "width": 0.5802826583385468, "height": 1.9410885953111574, "bounding_box": [[0.02793651819229126, 0.29014134407043457], [0.02793651819229126, -0.2901413142681122], [-0.027936458587646484, -0.2901413142681122], [-0.027936458587646484, 0.29014134407043457]], "center": [2.9802322387695312e-08, 1.4901161193847656e-08], "color": "Green", "general_type": "structures", "detail_type": "Advertising_board"}}