{"length": 0.42656321823596954, "width": 0.9789259731769562, "height": 1.5181693014205155, "mass": 10000, "filename": "Advertising_board-f6eba097b685423eb717d5cf2506cb31.glb", "foldername": null, "CLASS_NAME": "Advertising_board-f6eba097b685423eb717d5cf2506cb31.glb", "hshift": 92.20779220779218, "pos0": 0.07279125339592163, "pos1": -0.4892743080854416, "pos2": 0, "scale": 0.12439198855507867, "is_building": false, "general": {"length": 0.42656321823596954, "width": 0.9789259731769562, "height": 1.5181693014205155, "bounding_box": [[0.21328161656856537, 0.4894629716873169], [0.21328161656856537, -0.4894630014896393], [-0.21328160166740417, -0.4894630014896393], [-0.21328160166740417, 0.4894629716873169]], "center": [7.450580596923828e-09, -1.4901161193847656e-08], "color": "Brown", "general_type": "structures", "detail_type": "Advertising_board"}}