{"length": 0.6997742354869843, "width": 0.9390271902084351, "height": 3.6827472601592035, "mass": 10000, "filename": "Advertising_board-a98a625c80784b318aad8f5f153aba3c.glb", "foldername": null, "CLASS_NAME": "Advertising_board-a98a625c80784b318aad8f5f153aba3c.glb", "hshift": 0.0, "pos0": -0.04069650173187256, "pos1": 1.0052971839904785, "pos2": 0, "scale": 0.06719599427753933, "is_building": false, "general": {"length": 0.6997742354869843, "width": 0.9390271902084351, "height": 3.6827472601592035, "bounding_box": [[0.34988710284233093, 0.46951359510421753], [0.34988710284233093, -0.46951359510421753], [-0.3498871326446533, -0.46951359510421753], [-0.3498871326446533, 0.46951359510421753]], "center": [-1.4901161193847656e-08, 0.0], "color": "White", "general_type": "structures", "detail_type": "Advertising_board"}}