{"length": 0.9756975173950195, "width": 2.7053871154785156, "height": 1.2090351283550262, "mass": 10000, "filename": "Bench-26c89011fdbe4f3d8da663dd2ad7887a.glb", "foldername": null, "CLASS_NAME": "Bench-26c89011fdbe4f3d8da663dd2ad7887a.glb", "hshift": 90.0, "pos0": -1.5152056813240051, "pos1": 1.1920928955078125e-07, "pos2": 0, "scale": 0.5, "is_building": false, "general": {"length": 0.9756975173950195, "width": 2.7053871154785156, "height": 1.2090351283550262, "bounding_box": [[0.487848699092865, 1.3526935577392578], [0.487848699092865, -1.3526935577392578], [-0.48784881830215454, -1.3526935577392578], [-0.48784881830215454, 1.3526935577392578]], "center": [-5.960464477539063e-08, 0.0], "color": "Brown", "general_type": "structures", "detail_type": "Bench"}}