{"length": 0.7303537726402283, "width": 0.7303538024425507, "height": 5.310642342374194, "mass": 10000, "filename": "Lamp_post-4218a29e816046bbb0bd6a9f468ab968.glb", "foldername": null, "CLASS_NAME": "Lamp_post-4218a29e816046bbb0bd6a9f468ab968.glb", "hshift": 0, "pos0": 0, "pos1": 0, "pos2": 0, "scale": 1.3, "is_building": false, "general": {"length": 0.7303537726402283, "width": 0.7303538024425507, "height": 5.310642342374194, "bounding_box": [[0.3651759922504425, 0.36517810821533203], [0.3651759922504425, -0.36517569422721863], [-0.36517778038978577, -0.36517569422721863], [-0.36517778038978577, 0.36517810821533203]], "center": [-8.940696716308594e-07, 1.2069940567016602e-06], "color": "Green", "general_type": "structures", "detail_type": "Lamp_post"}}