{"length": 5.374281883239746, "width": 3.846781849861145, "height": 3.280407667160034, "mass": 10000, "filename": "foodtruck-73e98eb961c7465da9e1b61091b75727.glb", "foldername": null, "CLASS_NAME": "foodtruck-73e98eb961c7465da9e1b61091b75727.glb", "hshift": 270.0, "pos0": 0.0, "pos1": 0.0, "pos2": 1.6, "scale": 0.9999999562893581, "general": {"length": 5.374281883239746, "width": 3.846781849861145, "height": 3.280407667160034, "bounding_box": [[2.687140941619873, 1.9233909845352173], [2.687140941619873, -1.9233908653259277], [-2.687140941619873, -1.9233908653259277], [-2.687140941619873, 1.9233909845352173]], "center": [0.0, 5.960464477539063e-08], "color": "Blue", "general_type": "structures", "detail_type": "FoodTruck"}}