{"length": 0.7346948385238647, "width": 0.8289006948471069, "height": 0.9575798511505127, "mass": 10000, "filename": "Trash_bin-e7c6abf4fafd42a6a820feed01b0c6d2.glb", "foldername": null, "CLASS_NAME": "Trash_bin-e7c6abf4fafd42a6a820feed01b0c6d2.glb", "hshift": 0, "pos0": 0, "pos1": 0, "pos2": 0, "scale": 1.3, "is_building": false, "general": {"length": 0.7346948385238647, "width": 0.8289006948471069, "height": 0.9575798511505127, "bounding_box": [[0.3673474192619324, 0.41445034742355347], [0.3673474192619324, -0.41445034742355347], [-0.3673474192619324, -0.41445034742355347], [-0.3673474192619324, 0.41445034742355347]], "center": [0.0, 0.0], "color": "Green", "general_type": "structures", "detail_type": "TrashCan"}}