{"length": 0.8216853737831116, "width": 3.651934862136841, "height": 1.3774199672043324, "mass": 10000, "filename": "Bench-734af460a5ec403193d7dbbbbf8edbfb.glb", "foldername": null, "CLASS_NAME": "Bench-734af460a5ec403193d7dbbbbf8edbfb.glb", "hshift": 0, "pos0": -0.4108426868915558, "pos1": -1.5672887414693832, "pos2": 0, "scale": 0.03859799713876967, "is_building": false, "general": {"length": 0.8216853737831116, "width": 3.651934862136841, "height": 1.3774199672043324, "bounding_box": [[0.4108426868915558, 1.8259674310684204], [0.4108426868915558, -1.8259674310684204], [-0.4108426868915558, -1.8259674310684204], [-0.4108426868915558, 1.8259674310684204]], "center": [0.0, 0.0], "color": "Brown", "general_type": "structures", "detail_type": "Bench"}}