{"length": 0.09582088515162468, "width": 0.8493935167789459, "height": 1.8263671398162842, "mass": 10000, "filename": "Advertising_board-5cf7991899bc49499f073b813d6c7283.glb", "foldername": null, "CLASS_NAME": "Advertising_board-5cf7991899bc49499f073b813d6c7283.glb", "hshift": 90.0, "pos0": 1.0296846590936184, "pos1": 0.8770739436149597, "pos2": 0, "scale": 0.4246074074074074, "is_building": false, "general": {"length": 0.09582088515162468, "width": 0.8493935167789459, "height": 1.8263671398162842, "bounding_box": [[0.04791046306490898, 0.4246967136859894], [0.04791046306490898, -0.42469680309295654], [-0.0479104220867157, -0.42469680309295654], [-0.0479104220867157, 0.4246967136859894]], "center": [2.0489096641540527e-08, -4.470348358154297e-08], "color": "White", "general_type": "structures", "detail_type": "Advertising_board"}}