{"length": 0.6498246788978577, "width": 0.6411370635032654, "height": 1.2527209199033678, "mass": 10000, "filename": "Mailbox-2173ac25461e485aa834f8210bc16e4f.glb", "foldername": null, "CLASS_NAME": "Mailbox-2173ac25461e485aa834f8210bc16e4f.glb", "hshift": 0.0, "pos0": 0, "pos1": 0, "pos2": 0, "scale": 1, "is_building": false, "general": {"length": 0.6498246788978577, "width": 0.6411370635032654, "height": 1.2527209199033678, "bounding_box": [[0.3308560848236084, 0.3205685615539551], [0.3308560848236084, -0.3205685019493103], [-0.31896859407424927, -0.3205685019493103], [-0.31896859407424927, 0.3205685615539551]], "center": [0.005943745374679565, 2.9802322387695312e-08], "color": "Green", "general_type": "structures", "detail_type": "Mailbox"}}