{"length": 0.8278160095214844, "width": 0.3316532373428345, "height": 1.437007188796997, "mass": 10000, "filename": "Mailbox-a3b4bc95daf243f1a95b37d4d5880856.glb", "foldername": null, "CLASS_NAME": "Mailbox-a3b4bc95daf243f1a95b37d4d5880856.glb", "hshift": 90.0, "pos0": -0.05984221398830414, "pos1": -0.002630099654197693, "pos2": 0, "scale": 0.3, "is_building": false, "general": {"length": 0.8278160095214844, "width": 0.3316532373428345, "height": 1.437007188796997, "bounding_box": [[0.4139080047607422, 0.16582661867141724], [0.4139080047607422, -0.16582661867141724], [-0.4139080047607422, -0.16582661867141724], [-0.4139080047607422, 0.16582661867141724]], "center": [0.0, 0.0], "color": "Blue", "general_type": "structures", "detail_type": "Mailbox"}}