{"length": 0.05814831331372261, "width": 1.1082390546798706, "height": 1.8809251189231873, "mass": 10000, "filename": "Advertising_board-b92ee04771ed46b68a805e49c1fe22a7.glb", "foldername": null, "CLASS_NAME": "Advertising_board-b92ee04771ed46b68a805e49c1fe22a7.glb", "hshift": 90.0, "pos0": 0, "pos1": 0, "pos2": 0, "scale": 13.928962962962961, "is_building": false, "general": {"length": 0.05814831331372261, "width": 1.1082390546798706, "height": 1.8809251189231873, "bounding_box": [[0.008468776941299438, 0.5541185736656189], [0.008468776941299438, -0.5541204810142517], [-0.04967953637242317, -0.5541204810142517], [-0.04967953637242317, 0.5541185736656189]], "center": [-0.020605379715561867, -9.5367431640625e-07], "color": "Black", "general_type": "structures", "detail_type": "Advertising_board"}}