{"length": 0.7809944152832031, "width": 1.926049530506134, "height": 1.3438633680343628, "mass": 10000, "filename": "Bench-394be945cdfb46b0af16dc8148ebbf8b.glb", "foldername": null, "CLASS_NAME": "Bench-394be945cdfb46b0af16dc8148ebbf8b.glb", "hshift": -90.0, "pos0": 19.37997215986252, "pos1": 1.5652073621749878, "pos2": -0.8987161198288156, "scale": 0.3817739628040057, "is_building": false, "general": {"length": 0.7809944152832031, "width": 1.926049530506134, "height": 1.3438633680343628, "bounding_box": [[0.39049720764160156, 0.9630247950553894], [0.39049720764160156, -0.9630247354507446], [-0.39049720764160156, -0.9630247354507446], [-0.39049720764160156, 0.9630247950553894]], "center": [0.0, 2.9802322387695312e-08], "color": "Gray", "general_type": "structures", "detail_type": "Bench"}}