{"length": 1.0116506814956665, "width": 2.5627007484436035, "height": 1.1975289583206177, "mass": 10000, "filename": "Chair-a6da0dff0f9b4a5a8e821c40b370a98f.glb", "foldername": null, "CLASS_NAME": "Chair-a6da0dff0f9b4a5a8e821c40b370a98f.glb", "hshift": 180.0, "pos0": -0.017650142312049866, "pos1": -0.001885831356048584, "pos2": 0, "scale": 0.018117438386224094, "is_building": false, "general": {"length": 1.0116506814956665, "width": 2.5627007484436035, "height": 1.1975289583206177, "bounding_box": [[0.5058253407478333, 1.2813503742218018], [0.5058253407478333, -1.2813503742218018], [-0.5058253407478333, -1.2813503742218018], [-0.5058253407478333, 1.2813503742218018]], "center": [0.0, 0.0], "color": "Brown", "general_type": "structures", "detail_type": "Chair"}}