{"length": 0.09971342235803604, "width": 0.5163565874099731, "height": 1.179624242708087, "mass": 10000, "filename": "Advertising_board-fed3c89920944e57ab3945a2f9126cea.glb", "foldername": null, "CLASS_NAME": "Advertising_board-fed3c89920944e57ab3945a2f9126cea.glb", "hshift": -169.0909090909091, "pos0": 13.12750044465065, "pos1": -0.4648390859365463, "pos2": 0, "scale": 0.06719599427753933, "is_building": false, "general": {"length": 0.09971342235803604, "width": 0.5163565874099731, "height": 1.179624242708087, "bounding_box": [[0.049856334924697876, 0.2581782937049866], [0.049856334924697876, -0.2581782937049866], [-0.049857087433338165, -0.2581782937049866], [-0.049857087433338165, 0.2581782937049866]], "center": [-3.762543201446533e-07, 0.0], "color": "Purple", "general_type": "structures", "detail_type": "Advertising_board"}}