{"length": 0.694502055644989, "width": 0.6950676441192627, "height": 0.8936059474945068, "mass": 10000, "filename": "Trash_bin-a6b953e4a23249b0b9a022df57baf91c.glb", "foldername": null, "CLASS_NAME": "Trash_bin-a6b953e4a23249b0b9a022df57baf91c.glb", "hshift": 0, "pos0": 0, "pos1": 0, "pos2": 0, "scale": 0.0025, "is_building": false, "general": {"length": 0.694502055644989, "width": 0.6950676441192627, "height": 0.8936059474945068, "bounding_box": [[0.347048282623291, 0.33804118633270264], [0.347048282623291, -0.35702645778656006], [-0.347453773021698, -0.35702645778656006], [-0.347453773021698, 0.33804118633270264]], "center": [-0.0002027451992034912, -0.009492635726928711], "color": "Gray", "general_type": "structures", "detail_type": "TrashCan"}}