{"length": 0.46030260622501373, "width": 0.5780519247055054, "height": 1.3907329440116882, "mass": 10000, "filename": "Trash_bin-8dca3d38daf44ef9b3866efdce2eb8bb.glb", "foldername": null, "CLASS_NAME": "Trash_bin-8dca3d38daf44ef9b3866efdce2eb8bb.glb", "hshift": 0, "pos0": 0.02219114452600479, "pos1": -1.2176214456558228, "pos2": 0.7275320970042802, "scale": 1.4, "is_building": false, "general": {"length": 0.46030260622501373, "width": 0.5780519247055054, "height": 1.3907329440116882, "bounding_box": [[0.23015131056308746, 0.2890259623527527], [0.23015131056308746, -0.2890259623527527], [-0.23015129566192627, -0.2890259623527527], [-0.23015129566192627, 0.2890259623527527]], "center": [7.450580596923828e-09, 0.0], "color": "Red", "general_type": "structures", "detail_type": "TrashCan"}}