{"length": 1.1128814220428467, "width": 3.065514326095581, "height": 1.1551854710560292, "mass": 10000, "filename": "Bench-d0af244b3ab34d3b978deffac44d1a26.glb", "foldername": null, "CLASS_NAME": "Bench-d0af244b3ab34d3b978deffac44d1a26.glb", "hshift": 0, "pos0": 0.088643878698349, "pos1": 0.005547523498535156, "pos2": 0, "scale": 0.18768888888888888, "is_building": false, "general": {"length": 1.1128814220428467, "width": 3.065514326095581, "height": 1.1551854710560292, "bounding_box": [[0.5564407110214233, 1.5327571630477905], [0.5564407110214233, -1.5327571630477905], [-0.5564407110214233, -1.5327571630477905], [-0.5564407110214233, 1.5327571630477905]], "center": [0.0, 0.0], "color": "Brown", "general_type": "structures", "detail_type": "Bench"}}