{"length": 24.128286361694336, "width": 49.457611083984375, "height": 17.06383976340294, "mass": 10000, "filename": "Building-dbe3278250244ec08fb3e58518bfcfc8.glb", "foldername": null, "CLASS_NAME": "Building-dbe3278250244ec08fb3e58518bfcfc8.glb", "hshift": 15.844155844155864, "pos0": 9.097007751464844, "pos1": 33.050368785858154, "pos2": 0, "scale": 0.8393419170243205, "is_building": false, "general": {"length": 24.128286361694336, "width": 49.457611083984375, "height": 17.06383976340294, "bounding_box": [[12.064142227172852, 24.728805541992188], [12.064142227172852, -24.728805541992188], [-12.064144134521484, -24.728805541992188], [-12.064144134521484, 24.728805541992188]], "center": [-9.5367431640625e-07, 0.0], "color": "Gray", "general_type": "structures", "detail_type": "Building"}}