{"length": 0.040963634848594666, "width": 0.7807186245918274, "height": 1.3250508904457092, "mass": 10000, "filename": "Advertising_board-19b2ae093df74c37b46e03e5a4ca5a26.glb", "foldername": null, "CLASS_NAME": "Advertising_board-19b2ae093df74c37b46e03e5a4ca5a26.glb", "hshift": 90.0, "pos0": -0.014515783172100782, "pos1": -1.1920928955078125e-07, "pos2": 0, "scale": 9.812503703703703, "is_building": false, "general": {"length": 0.040963634848594666, "width": 0.7807186245918274, "height": 1.3250508904457092, "bounding_box": [[0.020481817424297333, 0.3903593122959137], [0.020481817424297333, -0.3903593122959137], [-0.020481817424297333, -0.3903593122959137], [-0.020481817424297333, 0.3903593122959137]], "center": [0.0, 0.0], "color": "Black", "general_type": "structures", "detail_type": "Advertising_board"}}