{"length": 11.529129028320312, "width": 18.62076187133789, "height": 14.909644305706024, "mass": 10000, "filename": "Building-1fddcc3aa7354c21a0c1bd9d84411bee.glb", "foldername": null, "CLASS_NAME": "Building-1fddcc3aa7354c21a0c1bd9d84411bee.glb", "hshift": 90.61038961038957, "pos0": 50.0, "pos1": -0.21398002853067055, "pos2": -0.21398002853067055, "scale": 1, "is_building": false, "general": {"length": 11.529129028320312, "width": 18.62076187133789, "height": 14.909644305706024, "bounding_box": [[52.125282287597656, 9.064835548400879], [52.125282287597656, -9.555926322937012], [40.596153259277344, -9.555926322937012], [40.596153259277344, 9.064835548400879]], "center": [46.3607177734375, -0.2455453872680664], "color": "Blue", "general_type": "structures", "detail_type": "Building"}}