{"length": 7.55792236328125, "width": 9.946708679199219, "height": 13.175076484680176, "mass": 10000, "filename": "Building-5b84941cb3bb4e3e868d2f157660e266.glb", "foldername": null, "CLASS_NAME": "Building-5b84941cb3bb4e3e868d2f157660e266.glb", "hshift": 90.00000389610389, "pos0": 1.1920928955078125e-07, "pos1": 0.0, "pos2": 6.547788873038517, "scale": 6.587539341917024, "is_building": false, "general": {"length": 7.55792236328125, "width": 9.946708679199219, "height": 13.175076484680176, "bounding_box": [[3.778961181640625, 4.973354339599609], [3.778961181640625, -4.973354339599609], [-3.778961181640625, -4.973354339599609], [-3.778961181640625, 4.973354339599609]], "center": [0.0, 0.0], "color": "Red", "general_type": "structures", "detail_type": "Building"}}