{"length": 0.47288817167282104, "width": 0.6519035696983337, "height": 1.2049561738967896, "mass": 10000, "filename": "Advertising_board-dcf8a43a3bcc4028b4609b5b66c31893.glb", "foldername": null, "CLASS_NAME": "Advertising_board-dcf8a43a3bcc4028b4609b5b66c31893.glb", "hshift": 0, "pos0": 0.0, "pos1": -6.06689453125, "pos2": 0, "scale": 0.267381974248927, "is_building": false, "general": {"length": 0.47288817167282104, "width": 0.6519035696983337, "height": 1.2049561738967896, "bounding_box": [[0.23644408583641052, 0.32595181465148926], [0.23644408583641052, -0.3259517550468445], [-0.23644408583641052, -0.3259517550468445], [-0.23644408583641052, 0.32595181465148926]], "center": [0.0, 2.9802322387695312e-08], "color": "Gray", "general_type": "structures", "detail_type": "Advertising_board"}}