{"length": 0.5776257514953613, "width": 0.7939471900463104, "height": 1.4627097845077515, "mass": 10000, "filename": "Advertising_board-d4663b2763b448e09a07e7b0f47b9e1b.glb", "foldername": null, "CLASS_NAME": "Advertising_board-d4663b2763b448e09a07e7b0f47b9e1b.glb", "hshift": -0.25974025974025494, "pos0": 0.0, "pos1": -1.7689487934112549, "pos2": 0, "scale": 0.32457796852646636, "is_building": false, "general": {"length": 0.5776257514953613, "width": 0.7939471900463104, "height": 1.4627097845077515, "bounding_box": [[0.29683205485343933, 0.3969562351703644], [0.29683205485343933, -0.39699095487594604], [-0.280793696641922, -0.39699095487594604], [-0.280793696641922, 0.3969562351703644]], "center": [0.008019179105758667, -1.735985279083252e-05], "color": "Gray", "general_type": "structures", "detail_type": "Advertising_board"}}