{"length": 1.1864478588104248, "width": 1.186483383178711, "height": 3.5661511421203613, "mass": 10000, "filename": "Telephone_booth-b9033372814b421a8fb225990c8f2226.glb", "foldername": null, "CLASS_NAME": "Telephone_booth-b9033372814b421a8fb225990c8f2226.glb", "hshift": 90.0, "pos0": 0.0, "pos1": 0.0, "pos2": 1.7546362339514978, "scale": 1.7830758226037196, "is_building": false, "general": {"length": 1.1864478588104248, "width": 1.186483383178711, "height": 3.5661511421203613, "bounding_box": [[0.5932239294052124, 0.5932416915893555], [0.5932239294052124, -0.5932416915893555], [-0.5932239294052124, -0.5932416915893555], [-0.5932239294052124, 0.5932416915893555]], "center": [0.0, 0.0], "color": "Red", "general_type": "structures", "detail_type": "Telephone_booth"}}