{"length": 0.49030792713165283, "width": 0.45121997594833374, "height": 3.9999998807907104, "mass": 10000, "filename": "Lamp_post-46b49bcc519348e78caf65a4af222564.glb", "foldername": null, "CLASS_NAME": "Lamp_post-46b49bcc519348e78caf65a4af222564.glb", "hshift": 0, "pos0": 0, "pos1": 0, "pos2": 1.5, "scale": 2.0, "is_building": false, "general": {"length": 0.49030792713165283, "width": 0.45121997594833374, "height": 3.9999998807907104, "bounding_box": [[0.24515396356582642, 0.22560998797416687], [0.24515396356582642, -0.22560998797416687], [-0.24515396356582642, -0.22560998797416687], [-0.24515396356582642, 0.22560998797416687]], "center": [0.0, 0.0], "color": "Black", "general_type": "structures", "detail_type": "Lamp_post"}}