{"length": 0.9994798302650452, "width": 0.9994799196720123, "height": 5.837849378585815, "mass": 10000, "filename": "Lamp_post-0a34dc814a3a44cfa76388e732c05376.glb", "foldername": null, "CLASS_NAME": "Lamp_post-0a34dc814a3a44cfa76388e732c05376.glb", "hshift": 0, "pos0": 0, "pos1": 0, "pos2": 2.0, "scale": 0.5, "is_building": false, "general": {"length": 0.9994798302650452, "width": 0.9994799196720123, "height": 5.837849378585815, "bounding_box": [[0.521389901638031, 0.5002648234367371], [0.521389901638031, -0.49921509623527527], [-0.47808992862701416, -0.49921509623527527], [-0.47808992862701416, 0.5002648234367371]], "center": [0.021649986505508423, 0.000524863600730896], "color": "Black", "general_type": "structures", "detail_type": "Lamp_post"}}