{"length": 0.8987689018249512, "width": 0.8807151913642883, "height": 1.0628293752670288, "mass": 10000, "filename": "Trash_bin-ab1f4b2e9d214eea95a3133bc3404a3b.glb", "foldername": null, "CLASS_NAME": "Trash_bin-ab1f4b2e9d214eea95a3133bc3404a3b.glb", "hshift": 0.0, "pos0": 0, "pos1": 0, "pos2": 0.4992867332382307, "scale": 1, "is_building": false, "general": {"length": 0.8987689018249512, "width": 0.8807151913642883, "height": 1.0628293752670288, "bounding_box": [[0.4411482810974121, 0.44035759568214417], [0.4411482810974121, -0.44035759568214417], [-0.45762062072753906, -0.44035759568214417], [-0.45762062072753906, 0.44035759568214417]], "center": [-0.008236169815063477, 0.0], "color": "Red", "general_type": "structures", "detail_type": "TrashCan"}}