{"length": 0.04627968743443489, "width": 0.8820376992225647, "height": 1.4970117211341858, "mass": 10000, "filename": "Advertising_board-afd85cc6fb2f45af80d63450c64e0c13.glb", "foldername": null, "CLASS_NAME": "Advertising_board-afd85cc6fb2f45af80d63450c64e0c13.glb", "hshift": -90.0, "pos0": 0, "pos1": 0, "pos2": 0, "scale": 11.085940740740739, "is_building": false, "general": {"length": 0.04627968743443489, "width": 0.8820376992225647, "height": 1.4970117211341858, "bounding_box": [[0.006740245968103409, 0.4410187005996704], [0.006740245968103409, -0.4410189986228943], [-0.03953944146633148, -0.4410189986228943], [-0.03953944146633148, 0.4410187005996704]], "center": [-0.016399597749114037, -1.4901161193847656e-07], "color": "Black", "general_type": "structures", "detail_type": "Advertising_board"}}