{"length": 1.1023035645484924, "width": 2.061889886856079, "height": 1.2397859804332256, "mass": 10000, "filename": "Bench-c214a03489fc4ef282091a3be557afbb.glb", "foldername": null, "CLASS_NAME": "Bench-c214a03489fc4ef282091a3be557afbb.glb", "hshift": 90.64935064935065, "pos0": 0.7306177020072937, "pos1": -0.3251219689846039, "pos2": 0, "scale": 0.002, "is_building": false, "general": {"length": 1.1023035645484924, "width": 2.061889886856079, "height": 1.2397859804332256, "bounding_box": [[0.5511518120765686, 1.03094482421875], [0.5511518120765686, -1.030945062637329], [-0.5511517524719238, -1.030945062637329], [-0.5511517524719238, 1.03094482421875]], "center": [2.9802322387695312e-08, -1.1920928955078125e-07], "color": "Brown", "general_type": "structures", "detail_type": "Bench"}}