{"length": 14.20285701751709, "width": 11.06035327911377, "height": 12.8278226852417, "mass": 10000, "filename": "Building-caa43dbcbb3b4087b3c1c9a60560f33a.glb", "foldername": null, "CLASS_NAME": "Building-caa43dbcbb3b4087b3c1c9a60560f33a.glb", "hshift": 90.00909090909092, "pos0": 6.791962191462517, "pos1": -0.07588815689086914, "pos2": 0, "scale": 13.0, "is_building": false, "general": {"length": 14.20285701751709, "width": 11.06035327911377, "height": 12.8278226852417, "bounding_box": [[7.101428508758545, 5.530176639556885], [7.101428508758545, -5.530176639556885], [-7.101428508758545, -5.530176639556885], [-7.101428508758545, 5.530176639556885]], "center": [0.0, 0.0], "color": "Gray", "general_type": "structures", "detail_type": "Building"}}