{"length": 0.829776257276535, "width": 2.5662126541137695, "height": 1.159816026687622, "mass": 10000, "filename": "Bench-7b637957da7a4ec3bac58cf046fd0f56.glb", "foldername": null, "CLASS_NAME": "Bench-7b637957da7a4ec3bac58cf046fd0f56.glb", "hshift": -90.0, "pos0": -0.2363554984331131, "pos1": 1.294427514076233, "pos2": 0.0, "scale": 0.095793991416309, "is_building": false, "general": {"length": 0.829776257276535, "width": 2.5662126541137695, "height": 1.159816026687622, "bounding_box": [[0.4148881137371063, 1.2831063270568848], [0.4148881137371063, -1.2831063270568848], [-0.4148881435394287, -1.2831063270568848], [-0.4148881435394287, 1.2831063270568848]], "center": [-1.4901161193847656e-08, 0.0], "color": "Brown", "general_type": "structures", "detail_type": "Bench"}}