{"length": 0.7188830971717834, "width": 0.7253006100654602, "height": 1.318006992340088, "mass": 10000, "filename": "firerelated-6adac8e59c2949ad8e0acb003f49a7d9.glb", "foldername": null, "CLASS_NAME": "firerelated-6adac8e59c2949ad8e0acb003f49a7d9.glb", "hshift": 0, "pos0": 0.0, "pos1": 0.0, "pos2": 0.6, "scale": 1.2472498931213933, "general": {"length": 0.7188830971717834, "width": 0.7253006100654602, "height": 1.318006992340088, "bounding_box": [[0.3594415485858917, 0.3626503050327301], [0.3594415485858917, -0.3626503050327301], [-0.3594415485858917, -0.3626503050327301], [-0.3594415485858917, 0.3626503050327301]], "center": [0.0, 0.0], "color": "Red", "general_type": "structures", "detail_type": "FireHydrant"}}