{"length": 0.7143107652664185, "width": 2.3355495929718018, "height": 0.8440051099751145, "mass": 10000, "filename": "Bench-0fc91c47c6b04717bb4400c247de573e.glb", "foldername": null, "CLASS_NAME": "Bench-0fc91c47c6b04717bb4400c247de573e.glb", "hshift": 90.0, "pos0": -0.02483363449573517, "pos1": 0.0, "pos2": 0, "scale": 0.012, "is_building": false, "general": {"length": 0.7143107652664185, "width": 2.3355495929718018, "height": 0.8440051099751145, "bounding_box": [[0.35715538263320923, 1.1677747964859009], [0.35715538263320923, -1.1677747964859009], [-0.35715538263320923, -1.1677747964859009], [-0.35715538263320923, 1.1677747964859009]], "center": [0.0, 0.0], "color": "Blue", "general_type": "structures", "detail_type": "Bench"}}