{"length": 1.0806463956832886, "width": 2.051270008087158, "height": 1.2397859767079353, "mass": 10000, "filename": "Chair-c214a03489fc4ef282091a3be557afbb.glb", "foldername": null, "CLASS_NAME": "Chair-c214a03489fc4ef282091a3be557afbb.glb", "hshift": 90.0, "pos0": 0.7268984913825989, "pos1": -0.333381325006485, "pos2": 0, "scale": 0.002, "is_building": false, "general": {"length": 1.0806463956832886, "width": 2.051270008087158, "height": 1.2397859767079353, "bounding_box": [[0.5403231978416443, 1.025635004043579], [0.5403231978416443, -1.025635004043579], [-0.5403231978416443, -1.025635004043579], [-0.5403231978416443, 1.025635004043579]], "center": [0.0, 0.0], "color": "Red", "general_type": "structures", "detail_type": "Chair"}}