{"length": 12.732403755187988, "width": 34.25282287597656, "height": 14.017403602600098, "mass": 10000, "filename": "Building-444d49afad63481691536b797283ed97.glb", "foldername": null, "CLASS_NAME": "Building-444d49afad63481691536b797283ed97.glb", "hshift": 180.0, "pos0": -0.14517545700073242, "pos1": -0.1369152069091797, "pos2": 0, "scale": 4.0, "is_building": false, "general": {"length": 12.732403755187988, "width": 34.25282287597656, "height": 14.017403602600098, "bounding_box": [[6.366201877593994, 17.12641143798828], [6.366201877593994, -17.12641143798828], [-6.366201877593994, -17.12641143798828], [-6.366201877593994, 17.12641143798828]], "center": [0.0, 0.0], "color": "Gray", "general_type": "structures", "detail_type": "Building"}}