{"length": 0.8372102379798889, "width": 0.8372103571891785, "height": 1.3399099707603455, "mass": 10000, "filename": "TrashCan-685c0c5a9c3f4144993c4f146a527d8d.glb", "foldername": null, "CLASS_NAME": "TrashCan-685c0c5a9c3f4144993c4f146a527d8d.glb", "hshift": 0, "pos0": 0, "pos1": 0, "pos2": 0.4, "scale": 0.2, "is_building": false, "general": {"length": 0.8372102379798889, "width": 0.8372103571891785, "height": 1.3399099707603455, "bounding_box": [[0.41860511898994446, 0.41860494017601013], [0.41860511898994446, -0.41860541701316833], [-0.41860511898994446, -0.41860541701316833], [-0.41860511898994446, 0.41860494017601013]], "center": [0.0, -2.384185791015625e-07], "color": "Gray", "general_type": "structures", "detail_type": "TrashCan"}}