{"length": 1.286603033542633, "width": 2.90350604057312, "height": 1.4819064140319824, "mass": 10000, "filename": "Bench-1a726089b873441587e45ba5e815ebe1.glb", "foldername": null, "CLASS_NAME": "Bench-1a726089b873441587e45ba5e815ebe1.glb", "hshift": -180.0, "pos0": 0.012377291917800903, "pos1": 2.090882956981659, "pos2": 0, "scale": 0.483837037037037, "is_building": false, "general": {"length": 1.286603033542633, "width": 2.90350604057312, "height": 1.4819064140319824, "bounding_box": [[0.6433015465736389, 1.45175302028656], [0.6433015465736389, -1.45175302028656], [-0.6433014869689941, -1.45175302028656], [-0.6433014869689941, 1.45175302028656]], "center": [2.9802322387695312e-08, 0.0], "color": "Brown", "general_type": "structures", "detail_type": "Bench"}}