{"length": 0.4371800124645233, "width": 0.687804102897644, "height": 1.0782980602234602, "mass": 10000, "filename": "Mailbox-2ee23bbe8de44874afefc35d376c6bbd.glb", "foldername": null, "CLASS_NAME": "Mailbox-2ee23bbe8de44874afefc35d376c6bbd.glb", "hshift": 0, "pos0": 0.00033226609230041504, "pos1": -5.960464477539063e-08, "pos2": 0.5, "scale": 0.5, "is_building": false, "general": {"length": 0.4371800124645233, "width": 0.687804102897644, "height": 1.0782980602234602, "bounding_box": [[0.21859000623226166, 0.343902051448822], [0.21859000623226166, -0.343902051448822], [-0.21859000623226166, -0.343902051448822], [-0.21859000623226166, 0.343902051448822]], "center": [0.0, 0.0], "color": "Red", "general_type": "structures", "detail_type": "Mailbox"}}