{"length": 0.886759489774704, "width": 2.643833637237549, "height": 1.0841748466482386, "mass": 10000, "filename": "Bench-ae902139fd8f4a2989e988e9f34609d6.glb", "foldername": null, "CLASS_NAME": "Bench-ae902139fd8f4a2989e988e9f34609d6.glb", "hshift": 90.0, "pos0": 0, "pos1": 0, "pos2": 0, "scale": 0.003, "is_building": false, "general": {"length": 0.886759489774704, "width": 2.643833637237549, "height": 1.0841748466482386, "bounding_box": [[0.4446127414703369, 1.3311767578125], [0.4446127414703369, -1.3126568794250488], [-0.44214674830436707, -1.3126568794250488], [-0.44214674830436707, 1.3311767578125]], "center": [0.0012329965829849243, 0.009259939193725586], "color": "Brown", "general_type": "structures", "detail_type": "Bench"}}