{"length": 1.224437952041626, "width": 0.8134199380874634, "height": 1.8798197724737555, "mass": 10000, "filename": "Vending_machine-349728c47f7e4f28b8cad5d86a9a38c2.glb", "foldername": null, "CLASS_NAME": "Vending_machine-349728c47f7e4f28b8cad5d86a9a38c2.glb", "hshift": 90.0, "pos0": -0.10087290406227112, "pos1": -0.0040620118379592896, "pos2": 0, "scale": 0.01, "is_building": false, "general": {"length": 1.224437952041626, "width": 0.8134199380874634, "height": 1.8798197724737555, "bounding_box": [[0.612218976020813, 0.4067099690437317], [0.612218976020813, -0.4067099690437317], [-0.612218976020813, -0.4067099690437317], [-0.612218976020813, 0.4067099690437317]], "center": [0.0, 0.0], "color": "Gray", "general_type": "structures", "detail_type": "Vending_machine"}}