{"length": 2.4981054067611694, "width": 0.9392902851104736, "height": 1.5457063913345337, "mass": 10000, "filename": "Bicycle-692d4d1536f647acb6c7f652a99ecca7.glb", "foldername": null, "CLASS_NAME": "Bicycle-692d4d1536f647acb6c7f652a99ecca7.glb", "hshift": 0, "pos0": -0.08407527208328247, "pos1": 7.450580596923828e-08, "pos2": 0, "scale": 0.007, "is_building": false, "general": {"length": 2.4981054067611694, "width": 0.9392902851104736, "height": 1.5457063913345337, "bounding_box": [[1.24905264377594, 0.4696451425552368], [1.24905264377594, -0.4696451425552368], [-1.2490527629852295, -0.4696451425552368], [-1.2490527629852295, 0.4696451425552368]], "center": [-5.960464477539063e-08, 0.0], "color": "Blue", "general_type": "two_wheeled", "detail_type": "Bicycle"}}