{"length": 1.1989028453826904, "width": 0.4610964059829712, "height": 1.2191469222307205, "mass": 10000, "filename": "Scooter-9479a6d3f1474971afde26b33fe96c55.glb", "foldername": null, "CLASS_NAME": "Scooter-9479a6d3f1474971afde26b33fe96c55.glb", "hshift": 0, "pos0": 0, "pos1": 0, "pos2": 0, "scale": 0.8, "general": {"length": 1.1989028453826904, "width": 0.4610964059829712, "height": 1.2191469222307205, "bounding_box": [[0.6068366765975952, 0.2305482029914856], [0.6068366765975952, -0.2305482029914856], [-0.5920661687850952, -0.2305482029914856], [-0.5920661687850952, 0.2305482029914856]], "center": [0.00738525390625, 0.0], "color": "Green", "general_type": "two_wheeled", "detail_type": "Scooter"}}