{"length": 1.9514288902282715, "width": 0.8293352127075195, "height": 1.2383198011666536, "mass": 10000, "filename": "Bicycle-aea62def081e4df086198bc985d1a20a.glb", "foldername": null, "CLASS_NAME": "Bicycle-aea62def081e4df086198bc985d1a20a.glb", "hshift": -90.0, "pos0": 2.384185791015625e-07, "pos1": -0.047093719244003296, "pos2": 0, "scale": 1.1, "is_building": false, "general": {"length": 1.9514288902282715, "width": 0.8293352127075195, "height": 1.2383198011666536, "bounding_box": [[1.0275177955627441, 0.36757412552833557], [1.0275177955627441, -0.46176108717918396], [-0.9239110946655273, -0.46176108717918396], [-0.9239110946655273, 0.36757412552833557]], "center": [0.0518033504486084, -0.047093480825424194], "color": "Red", "general_type": "two_wheeled", "detail_type": "Bicycle"}}