{"length": 2.2293238639831543, "width": 0.6076171100139618, "height": 1.3526985049247742, "mass": 10000, "filename": "Bicycle-16bfab70fa29407db9e65e0a4c251e1a.glb", "foldername": null, "CLASS_NAME": "Bicycle-16bfab70fa29407db9e65e0a4c251e1a.glb", "hshift": 0, "pos0": -0.5776824951171875, "pos1": -0.5687897503376007, "pos2": 0, "scale": 1.3, "is_building": false, "general": {"length": 2.2293238639831543, "width": 0.6076171100139618, "height": 1.3526985049247742, "bounding_box": [[1.1146619319915771, 0.3038085997104645], [1.1146619319915771, -0.3038085103034973], [-1.1146619319915771, -0.3038085103034973], [-1.1146619319915771, 0.3038085997104645]], "center": [0.0, 4.470348358154297e-08], "color": "Green", "general_type": "two_wheeled", "detail_type": "Bicycle"}}