{"length": 1.4892196655273438, "width": 0.5857793092727661, "height": 1.516929678618908, "mass": 10000, "filename": "Scooter-351ab8599bed4072b16f63860941da11.glb", "foldername": null, "CLASS_NAME": "Scooter-351ab8599bed4072b16f63860941da11.glb", "hshift": 90.0, "pos0": 0.8746515586972237, "pos1": 0.24803246557712555, "pos2": 0.1, "scale": 0.017228717748831175, "general": {"length": 1.4892196655273438, "width": 0.5857793092727661, "height": 1.516929678618908, "bounding_box": [[0.7446098327636719, 0.29288965463638306], [0.7446098327636719, -0.29288965463638306], [-0.7446098327636719, -0.29288965463638306], [-0.7446098327636719, 0.29288965463638306]], "center": [0.0, 0.0], "color": "Gray", "general_type": "two_wheeled", "detail_type": "Scooter"}}