{"length": 1.3430068045854568, "width": 0.7319922149181366, "height": 1.3984180241823196, "mass": 10000, "filename": "Scooter-3b419a6f0e254fc4ac420fb574c99b59.glb", "foldername": null, "CLASS_NAME": "Scooter-3b419a6f0e254fc4ac420fb574c99b59.glb", "hshift": 90.0, "pos0": 0, "pos1": 0, "pos2": 0, "scale": 1.465067748799396, "general": {"length": 1.3430068045854568, "width": 0.7319922149181366, "height": 1.3984180241823196, "bounding_box": [[0.09989328682422638, 0.36934351921081543], [0.09989328682422638, -0.36264869570732117], [-1.2431135177612305, -0.36264869570732117], [-1.2431135177612305, 0.36934351921081543]], "center": [-0.571610115468502, 0.0033474117517471313], "color": "Orange", "general_type": "two_wheeled", "detail_type": "Scooter"}}