{"length": 1.1722328662872314, "width": 0.902766227722168, "height": 1.3555646389722824, "mass": 10000, "filename": "Scooter-94b873b7773f4028b4eccd8ebd04d86f.glb", "foldername": null, "CLASS_NAME": "Scooter-94b873b7773f4028b4eccd8ebd04d86f.glb", "hshift": 180.0, "pos0": -0.002282857894897461, "pos1": -0.774054765701294, "pos2": 0.1, "scale": 0.059542680627004824, "general": {"length": 1.1722328662872314, "width": 0.902766227722168, "height": 1.3555646389722824, "bounding_box": [[0.5861164331436157, 0.451383113861084], [0.5861164331436157, -0.451383113861084], [-0.5861164331436157, -0.451383113861084], [-0.5861164331436157, 0.451383113861084]], "center": [0.0, 0.0], "color": "Gray", "general_type": "two_wheeled", "detail_type": "Scooter"}}