{"length": 2.460799217224121, "width": 1.0704355239868164, "height": 1.5270615611225367, "mass": 10000, "filename": "Bicycle-e4af135e494b4e5ba916c2e9e15778b9.glb", "foldername": null, "CLASS_NAME": "Bicycle-e4af135e494b4e5ba916c2e9e15778b9.glb", "hshift": -90.0, "pos0": -0.02329319715499878, "pos1": 0.00433078408241272, "pos2": 0, "scale": 0.045, "is_building": false, "general": {"length": 2.460799217224121, "width": 1.0704355239868164, "height": 1.5270615611225367, "bounding_box": [[1.2303996086120605, 0.5352177619934082], [1.2303996086120605, -0.5352177619934082], [-1.2303996086120605, -0.5352177619934082], [-1.2303996086120605, 0.5352177619934082]], "center": [0.0, 0.0], "color": "Orange", "general_type": "two_wheeled", "detail_type": "Bicycle"}}