{"length": 2.2434096336364746, "width": 0.9756423234939575, "height": 1.5624241586774588, "mass": 10, "filename": "bicycle-9d2902a4d3ec4921b3bc9c4eeeb7c13d.glb", "foldername": null, "CLASS_NAME": "bicycle-9d2902a4d3ec4921b3bc9c4eeeb7c13d.glb", "hshift": 0, "pos0": 0.0445859432220459, "pos1": -0.011497214436531067, "pos2": 0, "scale": 0.25, "general": {"length": 2.2434096336364746, "width": 0.9756423234939575, "height": 1.5624241586774588, "bounding_box": [[1.1217048168182373, 0.48782116174697876], [1.1217048168182373, -0.48782116174697876], [-1.1217048168182373, -0.48782116174697876], [-1.1217048168182373, 0.48782116174697876]], "center": [0.0, 0.0], "color": "Gray", "general_type": "two_wheeled", "detail_type": "Bike"}}