{"length": 2.169887661933899, "width": 0.76576828956604, "height": 1.3017838075757027, "mass": 10000, "filename": "static motocycle-15e67a3076494bb99ba7504c9913ceb5.glb", "foldername": null, "CLASS_NAME": "static motocycle-15e67a3076494bb99ba7504c9913ceb5.glb", "hshift": 90.0, "pos0": -0.01667986810207367, "pos1": -0.05113185942173004, "pos2": 0, "scale": 0.816207531182569, "general": {"length": 2.169887661933899, "width": 0.76576828956604, "height": 1.3017838075757027, "bounding_box": [[1.0838780403137207, 0.3834455609321594], [1.0838780403137207, -0.3823227286338806], [-1.0860096216201782, -0.3823227286338806], [-1.0860096216201782, 0.3834455609321594]], "center": [-0.0010657906532287598, 0.0005614161491394043], "color": "Red", "general_type": "two_wheeled", "detail_type": "Motorcycle"}}