{"length": 2.3301730155944824, "width": 0.57509446144104, "height": 1.3125738141825423, "mass": 10000, "filename": "Bicycle-f675530c40bd404d8df317c15d0bb55f.glb", "foldername": null, "CLASS_NAME": "Bicycle-f675530c40bd404d8df317c15d0bb55f.glb", "hshift": 90.0, "pos0": -0.001395881175994873, "pos1": 0.023551568388938904, "pos2": 0, "scale": 0.2, "is_building": false, "general": {"length": 2.3301730155944824, "width": 0.57509446144104, "height": 1.3125738141825423, "bounding_box": [[1.1650865077972412, 0.28754723072052], [1.1650865077972412, -0.28754723072052], [-1.1650865077972412, -0.28754723072052], [-1.1650865077972412, 0.28754723072052]], "center": [0.0, 0.0], "color": "Brown", "general_type": "two_wheeled", "detail_type": "Bicycle"}}