{"length": 2.011516034603119, "width": 0.9244041740894318, "height": 1.6018796917051077, "mass": 10000, "filename": "static biker-d165593433754d2283f655e2b3cc8dc1.glb", "foldername": null, "CLASS_NAME": "static biker-d165593433754d2283f655e2b3cc8dc1.glb", "hshift": 160.0, "pos0": 0, "pos1": 0, "pos2": 0, "scale": 0.01, "general": {"length": 2.011516034603119, "width": 0.9244041740894318, "height": 1.6018796917051077, "bounding_box": [[1.0479685068130493, 0.5973964333534241], [1.0479685068130493, -0.3270077407360077], [-0.9635475277900696, -0.3270077407360077], [-0.9635475277900696, 0.5973964333534241]], "center": [0.04221048951148987, 0.1351943463087082], "color": "Black", "general_type": "two_wheeled", "detail_type": "Motorcycle"}}