{"length": 2.351870536804199, "width": 0.8815779387950897, "height": 1.3763204235583544, "mass": 10000, "filename": "Bicycle-d78921adfcfa4ce49d1703726f15f107.glb", "foldername": null, "CLASS_NAME": "Bicycle-d78921adfcfa4ce49d1703726f15f107.glb", "hshift": 90.0, "pos0": 0.19076210260391235, "pos1": -1.5999350398778915, "pos2": 0, "scale": 0.016, "is_building": false, "general": {"length": 2.351870536804199, "width": 0.8815779387950897, "height": 1.3763204235583544, "bounding_box": [[1.1759352684020996, 0.44078901410102844], [1.1759352684020996, -0.4407889246940613], [-1.1759352684020996, -0.4407889246940613], [-1.1759352684020996, 0.44078901410102844]], "center": [0.0, 4.470348358154297e-08], "color": "Red", "general_type": "two_wheeled", "detail_type": "Bicycle"}}