{"length": 2.0224697589874268, "width": 0.96875, "height": 1.4881792664527893, "mass": 10000, "filename": "Scooter-93a1f690e9054236adf53cbf79facb1b.glb", "foldername": null, "CLASS_NAME": "Scooter-93a1f690e9054236adf53cbf79facb1b.glb", "hshift": 270.0, "pos0": -0.1328965425491333, "pos1": -1.043081283569336e-07, "pos2": 0.15, "scale": 1.0, "general": {"length": 2.0224697589874268, "width": 0.96875, "height": 1.4881792664527893, "bounding_box": [[1.0112348794937134, 0.484375], [1.0112348794937134, -0.484375], [-1.0112348794937134, -0.484375], [-1.0112348794937134, 0.484375]], "center": [0.0, 0.0], "color": "Black", "general_type": "two_wheeled", "detail_type": "Scooter"}}