{"length": 2.09332275390625, "width": 1.1130192279815674, "height": 1.493985388893634, "mass": 10000, "filename": "Bicycle-25aa85eeba944baea33ce5cde985ca49.glb", "foldername": null, "CLASS_NAME": "Bicycle-25aa85eeba944baea33ce5cde985ca49.glb", "hshift": 0, "pos0": 0.030477583408355713, "pos1": 0.0, "pos2": 0, "scale": 0.013, "is_building": false, "general": {"length": 2.09332275390625, "width": 1.1130192279815674, "height": 1.493985388893634, "bounding_box": [[1.046661376953125, 0.5565096139907837], [1.046661376953125, -0.5565096139907837], [-1.046661376953125, -0.5565096139907837], [-1.046661376953125, 0.5565096139907837]], "center": [0.0, 0.0], "color": "Green", "general_type": "two_wheeled", "detail_type": "Bicycle"}}