{"length": 2.548412799835205, "width": 0.5740049481391907, "height": 1.3159169731661677, "mass": 10000, "filename": "Bicycle-6ff55560e82c47b98804d0ca3843f7ba.glb", "foldername": null, "CLASS_NAME": "Bicycle-6ff55560e82c47b98804d0ca3843f7ba.glb", "hshift": 0, "pos0": -0.038989484310150146, "pos1": -0.07937249541282654, "pos2": 0, "scale": 0.03, "is_building": false, "general": {"length": 2.548412799835205, "width": 0.5740049481391907, "height": 1.3159169731661677, "bounding_box": [[1.2742063999176025, 0.28700247406959534], [1.2742063999176025, -0.28700247406959534], [-1.2742063999176025, -0.28700247406959534], [-1.2742063999176025, 0.28700247406959534]], "center": [0.0, 0.0], "color": "Gray", "general_type": "two_wheeled", "detail_type": "Bicycle"}}