{"length": 2.7660951614379883, "width": 0.5971838235855103, "height": 1.5116694569587708, "mass": 10000, "filename": "Bicycle-0cee5bf9bbe74d0f9d5db3849ad70b86.glb", "foldername": null, "CLASS_NAME": "Bicycle-0cee5bf9bbe74d0f9d5db3849ad70b86.glb", "hshift": -90.0, "pos0": 1.2578899264335632, "pos1": -1.4405502080917358, "pos2": 0.8416547788873032, "scale": 0.3, "is_building": false, "general": {"length": 2.7660951614379883, "width": 0.5971838235855103, "height": 1.5116694569587708, "bounding_box": [[1.3830475807189941, 0.29859185218811035], [1.3830475807189941, -0.2985919713973999], [-1.3830475807189941, -0.2985919713973999], [-1.3830475807189941, 0.29859185218811035]], "center": [0.0, -5.960464477539063e-08], "color": "Purple", "general_type": "two_wheeled", "detail_type": "Bicycle"}}