{"length": 2.3129255771636963, "width": 0.5482028722763062, "height": 1.2409966327250004, "mass": 10000, "filename": "Bicycle-ee74fcdacb694abfb444cbcc5954526a.glb", "foldername": null, "CLASS_NAME": "Bicycle-ee74fcdacb694abfb444cbcc5954526a.glb", "hshift": 0, "pos0": -0.017910361289978027, "pos1": 0.002166435122489929, "pos2": 0, "scale": 0.5, "is_building": false, "general": {"length": 2.3129255771636963, "width": 0.5482028722763062, "height": 1.2409966327250004, "bounding_box": [[1.1564627885818481, 0.2741014361381531], [1.1564627885818481, -0.2741014361381531], [-1.1564627885818481, -0.2741014361381531], [-1.1564627885818481, 0.2741014361381531]], "center": [0.0, 0.0], "color": "Green", "general_type": "two_wheeled", "detail_type": "Bicycle"}}