{"length": 2.585024833679199, "width": 0.9275638461112976, "height": 1.5713907480239868, "mass": 10000, "filename": "Bicycle-97a7243c1f304159802473331ee17071.glb", "foldername": null, "CLASS_NAME": "Bicycle-97a7243c1f304159802473331ee17071.glb", "hshift": 90.0, "pos0": 0.0, "pos1": 0.05627846717834473, "pos2": 0.699001426533524, "scale": 0.003, "is_building": false, "general": {"length": 2.585024833679199, "width": 0.9275638461112976, "height": 1.5713907480239868, "bounding_box": [[1.3487908840179443, 0.5200604200363159], [1.3487908840179443, -0.4075034260749817], [-1.2362339496612549, -0.4075034260749817], [-1.2362339496612549, 0.5200604200363159]], "center": [0.05627846717834473, 0.056278496980667114], "color": "Purple", "general_type": "two_wheeled", "detail_type": "Bicycle"}}