{"length": 2.30448579788208, "width": 0.6168558597564697, "height": 1.3562810719013214, "mass": 10000, "filename": "Bicycle-d5c7ab157aa84eb08e2deaee6165e764.glb", "foldername": null, "CLASS_NAME": "Bicycle-d5c7ab157aa84eb08e2deaee6165e764.glb", "hshift": 180.0, "pos0": 0.7066312879323959, "pos1": 2.9802322387695312e-08, "pos2": 0.4136947218259639, "scale": 0.01, "is_building": false, "general": {"length": 2.30448579788208, "width": 0.6168558597564697, "height": 1.3562810719013214, "bounding_box": [[1.15224289894104, 0.30842792987823486], [1.15224289894104, -0.30842792987823486], [-1.15224289894104, -0.30842792987823486], [-1.15224289894104, 0.30842792987823486]], "center": [0.0, 0.0], "color": "White", "general_type": "two_wheeled", "detail_type": "Bicycle"}}