{"length": 2.334067225456238, "width": 0.5841756761074066, "height": 1.3111579418182373, "mass": 10000, "filename": "Bicycle-400d478205aa4c88a29ec317696dea76.glb", "foldername": null, "CLASS_NAME": "Bicycle-400d478205aa4c88a29ec317696dea76.glb", "hshift": -90.0, "pos0": 0, "pos1": 0, "pos2": 0, "scale": 0.4, "is_building": false, "general": {"length": 2.334067225456238, "width": 0.5841756761074066, "height": 1.3111579418182373, "bounding_box": [[1.183163046836853, 0.29285457730293274], [1.183163046836853, -0.2913210988044739], [-1.1509041786193848, -0.2913210988044739], [-1.1509041786193848, 0.29285457730293274]], "center": [0.01612943410873413, 0.0007667392492294312], "color": "Blue", "general_type": "two_wheeled", "detail_type": "Bicycle"}}