{"length": 2.111666679382324, "width": 0.6757912933826447, "height": 1.3551945090293884, "mass": 10000, "filename": "Bicycle-f16e716b099941abb186ce2e40700a0a.glb", "foldername": null, "CLASS_NAME": "Bicycle-f16e716b099941abb186ce2e40700a0a.glb", "hshift": 0, "pos0": -0.6546388864517212, "pos1": 1.581430971622467, "pos2": -0.813124108416547, "scale": 0.012, "is_building": false, "general": {"length": 2.111666679382324, "width": 0.6757912933826447, "height": 1.3551945090293884, "bounding_box": [[1.055833339691162, 0.33789560198783875], [1.055833339691162, -0.3378956913948059], [-1.055833339691162, -0.3378956913948059], [-1.055833339691162, 0.33789560198783875]], "center": [0.0, -4.470348358154297e-08], "color": "Purple", "general_type": "two_wheeled", "detail_type": "Bicycle"}}