{"length": 2.529792070388794, "width": 0.9436534643173218, "height": 2.225483864545822, "mass": 10000, "filename": "Bicycle-507a9cce128d4263adf3fbc2f134faf4.glb", "foldername": null, "CLASS_NAME": "Bicycle-507a9cce128d4263adf3fbc2f134faf4.glb", "hshift": 0, "pos0": -0.17676758766174316, "pos1": -0.058779239654541016, "pos2": 2.068473609129814, "scale": 0.4, "is_building": false, "general": {"length": 2.529792070388794, "width": 0.9436534643173218, "height": 2.225483864545822, "bounding_box": [[1.264896035194397, 0.4718267321586609], [1.264896035194397, -0.4718267321586609], [-1.264896035194397, -0.4718267321586609], [-1.264896035194397, 0.4718267321586609]], "center": [0.0, 0.0], "color": "Brown", "general_type": "two_wheeled", "detail_type": "Bicycle"}}