{"length": 2.1358675956726074, "width": 0.8568483293056488, "height": 1.4177374567370862, "mass": 10000, "filename": "static motocycle-f121301624174b179ca4d50158797b03.glb", "foldername": null, "CLASS_NAME": "static motocycle-f121301624174b179ca4d50158797b03.glb", "hshift": 90.0, "pos0": 0.022083699703216553, "pos1": -0.05446788668632507, "pos2": 0, "scale": 0.9995251598704201, "general": {"length": 2.1358675956726074, "width": 0.8568483293056488, "height": 1.4177374567370862, "bounding_box": [[1.0670084953308105, 0.4312557280063629], [1.0670084953308105, -0.4255926012992859], [-1.0688591003417969, -0.4255926012992859], [-1.0688591003417969, 0.4312557280063629]], "center": [-0.0009253025054931641, 0.002831563353538513], "color": "Yellow", "general_type": "two_wheeled", "detail_type": "Motorcycle"}}